code_commune,nom_commune,epci_nom,population,taux_chomage,total_etablissements,nb_actifs,nb_fermes,taux_mortalite,densite_commerciale,solde_net,score_mortalite,score_solde,score_densite,score_chomage,score_fragilite,quartile,cluster,profil,categorie_priorite
59001,ABANCOURT,CA de Cambrai,441.0,6.22,8,3,5,62.5,6.802721088435374,-2,15.62,0.12,23.43,4.05,43.23,Q2-Stable,3.0,Désertifié,Priorité B
59002,ABSCON,CA de la Porte du Hainaut,4108.0,19.24,95,35,60,63.1578947368421,8.519961051606622,-25,15.79,0.27,23.04,12.54,51.63,Q4-Fragile,1.0,Précaire,Priorité B
59003,AIBES,CA Maubeuge Val de Sambre,350.0,11.69,2,0,2,100.0,0.0,-2,25.0,0.12,25.0,7.62,57.74,Q4-Fragile,3.0,Désertifié,Priorité A
59004,AIX-EN-PEVELE,CC Pévèle-Carembault,1338.0,4.01,27,11,16,59.25925925925925,8.221225710014947,-5,14.81,0.14,23.1,2.61,40.68,Q1-Dynamique,3.0,Désertifié,Non prioritaire
59005,ALLENNES-LES-MARAIS,Métropole Européenne de Lille,3545.0,8.2,80,31,49,61.25000000000001,8.744710860366714,-18,15.31,0.22,22.98,5.34,43.86,Q2-Stable,3.0,Désertifié,Non prioritaire
59006,AMFROIPRET,CC du Pays de Mormal,619.0,4.88,6,1,5,83.33333333333334,1.6155088852988693,-4,20.83,0.14,24.63,3.18,48.78,Q4-Fragile,3.0,Désertifié,Priorité B
59007,ANHIERS,CA Douaisis Agglo,888.0,13.34,12,3,9,75.0,3.3783783783783785,-6,18.75,0.15,24.22,8.69,51.81,Q4-Fragile,3.0,Désertifié,Priorité B
59008,ANICHE,CA Coeur d'Ostrevent,9963.0,21.72,350,155,195,55.71428571428572,15.557562983037238,-40,13.93,0.36,21.41,14.15,49.85,Q4-Fragile,1.0,Précaire,Non prioritaire
59009,VILLENEUVE-D'ASCQ,Métropole Européenne de Lille,62868.0,16.22,2816,1115,1701,60.40482954545454,17.73557294649106,-586,15.1,3.77,20.91,10.57,50.35,Q4-Fragile,1.0,Précaire,Priorité B
59010,ANNEUX,CA de Cambrai,258.0,11.11,11,7,4,36.36363636363637,27.13178294573644,3,9.09,0.09,18.74,7.24,35.17,Q1-Dynamique,0.0,Dynamique,Non prioritaire
59011,ANNŒULLIN,Métropole Européenne de Lille,10847.0,11.42,292,120,172,58.9041095890411,11.062966718908454,-52,14.73,0.44,22.45,7.44,45.05,Q3-Fragilisé,3.0,Désertifié,Non prioritaire
59012,ANOR,CC du Sud Avesnois,3099.0,18.21,120,53,67,55.833333333333336,17.102291061632783,-14,13.96,0.2,21.06,11.86,47.08,Q3-Fragilisé,1.0,Précaire,Non prioritaire
59013,ANSTAING,Métropole Européenne de Lille,1631.0,6.55,37,14,23,62.16216216216216,8.583690987124463,-9,15.54,0.17,23.02,4.27,43.0,Q2-Stable,3.0,Désertifié,Non prioritaire
59014,ANZIN,CA Valenciennes Métropole,13183.0,26.26,567,199,368,64.90299823633157,15.095198361526208,-169,16.23,1.17,21.52,17.11,56.02,Q4-Fragile,1.0,Précaire,Priorité B
59015,ARLEUX,CA Douaisis Agglo,3125.0,13.5,98,40,58,59.18367346938776,12.8,-18,14.8,0.22,22.05,8.8,45.87,Q3-Fragilisé,0.0,Dynamique,Non prioritaire
59016,ARMBOUTS-CAPPEL,CU de Dunkerque,2077.0,8.89,33,19,14,42.42424242424242,9.1478093403948,5,10.61,0.08,22.89,5.79,39.37,Q1-Dynamique,0.0,Dynamique,Non prioritaire
59017,ARMENTIERES,Métropole Européenne de Lille,26998.0,17.61,1161,466,695,59.86218776916451,17.260537817616118,-229,14.97,1.54,21.02,11.47,49.0,Q4-Fragile,1.0,Précaire,Non prioritaire
59018,ARNEKE,CA Coeur de Flandre,1594.0,12.01,47,20,27,57.44680851063831,12.547051442910917,-7,14.36,0.16,22.11,7.83,44.45,Q3-Fragilisé,0.0,Dynamique,Non prioritaire
59019,ARTRES,CA Valenciennes Métropole,1082.0,8.35,19,10,9,47.368421052631575,9.242144177449168,1,11.84,0.11,22.87,5.44,40.26,Q1-Dynamique,0.0,Dynamique,Non prioritaire
59021,ASSEVENT,CA Maubeuge Val de Sambre,1769.0,13.94,31,15,16,51.61290322580645,8.47936687394008,-1,12.9,0.12,23.04,9.08,45.15,Q3-Fragilisé,0.0,Dynamique,Non prioritaire
59022,ATTICHES,CC Pévèle-Carembault,2245.0,8.46,52,26,26,50.0,11.58129175946548,0,12.5,0.11,22.33,5.51,40.45,Q1-Dynamique,0.0,Dynamique,Non prioritaire
59023,AUBENCHEUL-AU-BAC,CA de Cambrai,549.0,11.55,22,6,16,72.72727272727273,10.92896174863388,-10,18.18,0.17,22.48,7.53,48.36,Q4-Fragile,3.0,Désertifié,Non prioritaire
59024,AUBERCHICOURT,CA Coeur d'Ostrevent,4626.0,17.07,109,40,69,63.30275229357798,8.646779074794638,-29,15.83,0.29,23.01,11.12,50.25,Q4-Fragile,1.0,Précaire,Priorité B
59025,AUBERS,Métropole Européenne de Lille,1749.0,6.8,42,21,21,50.0,12.006861063464836,0,12.5,0.11,22.23,4.43,39.27,Q1-Dynamique,0.0,Dynamique,Non prioritaire
59026,AUBIGNY-AU-BAC,CA Douaisis Agglo,1143.0,13.11,38,15,23,60.526315789473685,13.123359580052494,-8,15.13,0.16,21.97,8.54,45.81,Q3-Fragilisé,3.0,Désertifié,Non prioritaire
59027,AUBRY-DU-HAINAUT,CA Valenciennes Métropole,1705.0,8.91,28,14,14,50.0,8.211143695014663,0,12.5,0.11,23.11,5.81,41.52,Q2-Stable,0.0,Dynamique,Non prioritaire
59028,AUBY,CA Douaisis Agglo,7083.0,23.36,218,77,141,64.6788990825688,10.871099816461951,-64,16.17,0.51,22.49,15.22,54.4,Q4-Fragile,1.0,Précaire,Priorité B
59029,AUCHY-LEZ-ORCHIES,CC Pévèle-Carembault,1599.0,8.72,37,13,24,64.86486486486487,8.130081300813009,-11,16.22,0.18,23.13,5.68,45.2,Q3-Fragilisé,3.0,Désertifié,Non prioritaire
59031,AUDIGNIES,CC du Pays de Mormal,359.0,3.53,9,3,6,66.66666666666666,8.356545961002785,-3,16.67,0.13,23.07,2.3,42.17,Q2-Stable,3.0,Désertifié,Non prioritaire
59032,AULNOY-LEZ-VALENCIENNES,CA Valenciennes Métropole,7080.0,18.39,205,101,104,50.73170731707317,14.26553672316384,-3,12.68,0.13,21.71,11.98,46.51,Q3-Fragilisé,1.0,Précaire,Non prioritaire
59033,AULNOYE-AYMERIES,CA Maubeuge Val de Sambre,8612.0,24.2,282,140,142,50.35460992907801,16.25638643752903,-2,12.59,0.12,21.25,15.77,49.73,Q4-Fragile,1.0,Précaire,Non prioritaire
59034,AVELIN,CC Pévèle-Carembault,2561.0,5.5,103,53,50,48.54368932038835,20.695040999609528,3,12.14,0.09,20.23,3.58,36.04,Q1-Dynamique,0.0,Dynamique,Non prioritaire
59035,AVESNELLES,CC Coeur de l'Avesnois,2232.0,17.0,68,23,45,66.17647058823529,10.304659498207885,-22,16.54,0.25,22.62,11.08,50.49,Q4-Fragile,1.0,Précaire,Priorité B
59036,AVESNES-SUR-HELPE,CC Coeur de l'Avesnois,4012.0,38.37,260,87,173,66.53846153846153,21.684945164506484,-86,16.63,0.65,20.0,25.0,62.28,Q4-Fragile,1.0,Précaire,Priorité A
59037,AVESNES-LES-AUBERT,CA du Caudrésis et du Catésis,3562.0,15.73,119,64,55,46.21848739495798,17.967434025828187,9,11.55,0.06,20.86,10.25,42.72,Q2-Stable,0.0,Dynamique,Non prioritaire
59038,AVESNES-LE-SEC,CA de la Porte du Hainaut,1458.0,9.82,32,11,21,65.625,7.544581618655693,-10,16.41,0.17,23.26,6.4,46.24,Q3-Fragilisé,3.0,Désertifié,Priorité B
59039,AWOINGT,CA de Cambrai,757.0,6.24,13,5,8,61.53846153846154,6.605019815059445,-3,15.38,0.13,23.48,4.07,43.06,Q2-Stable,3.0,Désertifié,Priorité B
59041,BACHANT,CA Maubeuge Val de Sambre,2230.0,17.73,57,30,27,47.368421052631575,13.452914798206278,3,11.84,0.09,21.9,11.55,45.39,Q3-Fragilisé,1.0,Précaire,Non prioritaire
59042,BACHY,CC Pévèle-Carembault,1898.0,6.8,28,15,13,46.42857142857143,7.903055848261328,2,11.61,0.1,23.18,4.43,39.32,Q1-Dynamique,0.0,Dynamique,Priorité B
59043,BAILLEUL,CA Coeur de Flandre,14732.0,10.61,534,236,298,55.80524344569289,16.01954928047787,-62,13.95,0.5,21.31,6.91,42.67,Q2-Stable,0.0,Dynamique,Non prioritaire
59044,BAISIEUX,Métropole Européenne de Lille,5545.0,6.03,142,61,81,57.04225352112676,11.000901713255184,-20,14.26,0.24,22.46,3.93,40.89,Q1-Dynamique,3.0,Désertifié,Non prioritaire
59045,BAIVES,CC du Sud Avesnois,158.0,9.33,5,2,3,60.0,12.658227848101266,-1,15.0,0.12,22.08,6.08,43.28,Q2-Stable,3.0,Désertifié,Non prioritaire
59046,BAMBECQUE,CC des Hauts de Flandre,845.0,9.53,10,2,8,80.0,2.366863905325444,-6,20.0,0.15,24.45,6.21,50.81,Q4-Fragile,3.0,Désertifié,Priorité B
59047,BANTEUX,CA de Cambrai,339.0,15.0,5,3,2,40.0,8.849557522123893,1,10.0,0.11,22.96,9.77,42.84,Q2-Stable,0.0,Dynamique,Non prioritaire
59048,BANTIGNY,CA de Cambrai,494.0,13.44,6,3,3,50.0,6.0728744939271255,0,12.5,0.11,23.6,8.76,44.97,Q3-Fragilisé,0.0,Dynamique,Priorité B
59049,BANTOUZELLE,CA de Cambrai,441.0,12.73,9,2,7,77.77777777777779,4.535147392290249,-5,19.44,0.14,23.95,8.29,51.84,Q4-Fragile,3.0,Désertifié,Priorité B
59050,BAS-LIEU,CC Coeur de l'Avesnois,348.0,17.06,9,0,9,100.0,0.0,-9,25.0,0.17,25.0,11.12,61.28,Q4-Fragile,3.0,Désertifié,Priorité A
59051,LA BASSEE,Métropole Européenne de Lille,6650.0,12.34,297,116,181,60.94276094276094,17.44360902255639,-65,15.24,0.52,20.98,8.04,44.77,Q3-Fragilisé,0.0,Dynamique,Non prioritaire
59052,BAUVIN,Métropole Européenne de Lille,5249.0,12.41,117,52,65,55.55555555555556,9.906648885502,-13,13.89,0.19,22.72,8.09,44.88,Q3-Fragilisé,0.0,Dynamique,Non prioritaire
59053,BAVAY,CC du Pays de Mormal,3249.0,18.51,124,53,71,57.25806451612904,16.312711603570328,-18,14.31,0.22,21.24,12.06,47.84,Q4-Fragile,1.0,Précaire,Non prioritaire
59054,BAVINCHOVE,CA Coeur de Flandre,1045.0,11.13,18,6,12,66.66666666666666,5.741626794258374,-6,16.67,0.15,23.68,7.25,47.74,Q4-Fragile,3.0,Désertifié,Priorité B
59055,BAZUEL,CA du Caudrésis et du Catésis,551.0,16.17,14,4,10,71.42857142857143,7.259528130671506,-6,17.86,0.15,23.33,10.54,51.87,Q4-Fragile,3.0,Désertifié,Priorité B
59056,BEAUCAMPS-LIGNY,Métropole Européenne de Lille,845.0,5.77,41,19,22,53.65853658536586,22.485207100591715,-3,13.41,0.13,19.81,3.76,37.12,Q1-Dynamique,0.0,Dynamique,Non prioritaire
59057,BEAUDIGNIES,CC du Pays de Mormal,574.0,10.13,14,6,8,57.14285714285714,10.452961672473869,-2,14.29,0.12,22.59,6.6,43.6,Q2-Stable,3.0,Désertifié,Non prioritaire
59058,BEAUFORT,CA Maubeuge Val de Sambre,995.0,10.18,28,14,14,50.0,14.07035175879397,0,12.5,0.11,21.76,6.63,41.0,Q1-Dynamique,0.0,Dynamique,Non prioritaire
59059,BEAUMONT-EN-CAMBRESIS,CA du Caudrésis et du Catésis,458.0,15.27,17,4,13,76.47058823529412,8.73362445414847,-9,19.12,0.17,22.99,9.95,52.22,Q4-Fragile,3.0,Désertifié,Priorité B
59060,BEAURAIN,CC du Pays Solesmois,234.0,11.71,7,4,3,42.85714285714285,17.094017094017094,1,10.71,0.11,21.06,7.63,39.51,Q1-Dynamique,0.0,Dynamique,Non prioritaire
59061,BEAUREPAIRE-SUR-SAMBRE,CC Coeur de l'Avesnois,272.0,14.02,8,4,4,50.0,14.705882352941176,0,12.5,0.11,21.61,9.13,43.36,Q2-Stable,0.0,Dynamique,Non prioritaire
59062,BEAURIEUX,CC Coeur de l'Avesnois,169.0,8.82,6,2,4,66.66666666666666,11.83431952662722,-2,16.67,0.12,22.27,5.75,44.81,Q3-Fragilisé,3.0,Désertifié,Non prioritaire
59063,BEAUVOIS-EN-CAMBRESIS,CA du Caudrésis et du Catésis,1933.0,22.67,113,50,63,55.75221238938053,25.86652871184687,-13,13.94,0.19,19.04,14.77,47.94,Q4-Fragile,1.0,Précaire,Non prioritaire
59064,BELLAING,CA de la Porte du Hainaut,1301.0,13.45,37,21,16,43.24324324324324,16.141429669485014,5,10.81,0.08,21.28,8.76,40.93,Q1-Dynamique,0.0,Dynamique,Non prioritaire
59065,BELLIGNIES,CC du Pays de Mormal,810.0,9.41,20,9,11,55.00000000000001,11.11111111111111,-2,13.75,0.12,22.44,6.13,42.44,Q2-Stable,0.0,Dynamique,Non prioritaire
59066,BERELLES,CC Coeur de l'Avesnois,163.0,8.79,5,3,2,40.0,18.404907975460123,1,10.0,0.11,20.76,5.73,36.59,Q1-Dynamique,0.0,Dynamique,Non prioritaire
59067,BERGUES,CC des Hauts de Flandre,3525.0,12.42,185,78,107,57.83783783783784,22.127659574468087,-29,14.46,0.29,19.9,8.09,42.74,Q2-Stable,0.0,Dynamique,Non prioritaire
59068,BERLAIMONT,CA Maubeuge Val de Sambre,3159.0,20.58,102,49,53,51.9607843137255,15.511237733459955,-4,12.99,0.14,21.42,13.41,47.96,Q4-Fragile,1.0,Précaire,Non prioritaire
59069,BERMERAIN,CC du Pays Solesmois,778.0,12.63,11,3,8,72.72727272727273,3.8560411311053984,-5,18.18,0.14,24.11,8.23,50.67,Q4-Fragile,3.0,Désertifié,Priorité B
59070,BERMERIES,,,11.56,12,5,7,58.333333333333336,,-2,,,,,,,,,Non prioritaire
59071,BERSEE,CC Pévèle-Carembault,2318.0,7.31,59,18,41,69.49152542372882,7.765314926660914,-23,17.37,0.26,23.21,4.76,45.6,Q3-Fragilisé,3.0,Désertifié,Priorité B
59072,BERSILLIES,CA Maubeuge Val de Sambre,237.0,8.89,5,3,2,40.0,12.658227848101266,1,10.0,0.11,22.08,5.79,37.98,Q1-Dynamique,0.0,Dynamique,Non prioritaire
59073,BERTHEN,CA Coeur de Flandre,627.0,6.68,15,8,7,46.66666666666666,12.759170653907496,1,11.67,0.11,22.06,4.35,38.18,Q1-Dynamique,0.0,Dynamique,Non prioritaire
59074,BERTRY,CA du Caudrésis et du Catésis,2140.0,14.39,61,30,31,50.81967213114754,14.018691588785046,-1,12.7,0.12,21.77,9.38,43.97,Q2-Stable,0.0,Dynamique,Non prioritaire
59075,BETHENCOURT,CA du Caudrésis et du Catésis,689.0,13.23,21,6,15,71.42857142857143,8.708272859216256,-9,17.86,0.17,22.99,8.62,49.64,Q4-Fragile,3.0,Désertifié,Non prioritaire
59076,BETTIGNIES,CA Maubeuge Val de Sambre,343.0,15.33,7,1,6,85.71428571428571,2.915451895043732,-5,21.43,0.14,24.33,9.99,55.89,Q4-Fragile,3.0,Désertifié,Priorité B
59077,BETTRECHIES,CC du Pays de Mormal,253.0,14.29,12,6,6,50.0,23.715415019762844,0,12.5,0.11,19.53,9.31,41.45,Q2-Stable,0.0,Dynamique,Non prioritaire
59078,BEUGNIES,CC Coeur de l'Avesnois,599.0,11.8,22,13,9,40.909090909090914,21.702838063439067,4,10.23,0.09,20.0,7.69,38.0,Q1-Dynamique,0.0,Dynamique,Non prioritaire
59079,BEUVRAGES,CA Valenciennes Métropole,6796.0,27.23,186,61,125,67.20430107526882,8.975868157739846,-64,16.8,0.51,22.93,17.74,57.99,Q4-Fragile,1.0,Précaire,Priorité B
59080,BEUVRY-LA-FORET,CC Pévèle-Carembault,2861.0,5.91,78,36,42,53.84615384615385,12.583012932541068,-6,13.46,0.15,22.1,3.85,39.56,Q1-Dynamique,0.0,Dynamique,Non prioritaire
59081,BEVILLERS,CA du Caudrésis et du Catésis,529.0,16.27,18,8,10,55.55555555555556,15.122873345935728,-2,13.89,0.12,21.51,10.6,46.13,Q3-Fragilisé,1.0,Précaire,Non prioritaire
59082,BIERNE,CC des Hauts de Flandre,1716.0,5.96,36,16,20,55.55555555555556,9.324009324009324,-4,13.89,0.14,22.85,3.88,40.76,Q1-Dynamique,3.0,Désertifié,Non prioritaire
59083,BISSEZEELE,CC des Hauts de Flandre,239.0,2.54,2,1,1,50.0,4.184100418410042,0,12.5,0.11,24.04,1.65,38.3,Q1-Dynamique,3.0,Désertifié,Priorité B
59084,BLARINGHEM,CA Coeur de Flandre,2008.0,9.49,63,30,33,52.38095238095239,14.9402390438247,-3,13.1,0.13,21.55,6.18,40.96,Q1-Dynamique,0.0,Dynamique,Non prioritaire
59085,BLECOURT,CA de Cambrai,313.0,8.5,10,2,8,80.0,6.389776357827476,-6,20.0,0.15,23.53,5.54,49.21,Q4-Fragile,3.0,Désertifié,Priorité B
59086,BOESCHEPE,CA Coeur de Flandre,2244.0,6.11,108,40,68,62.96296296296296,17.825311942959,-28,15.74,0.29,20.89,3.98,40.9,Q1-Dynamique,0.0,Dynamique,Non prioritaire
59087,BOESEGHEM,CA Coeur de Flandre,766.0,9.56,17,6,11,64.70588235294117,7.83289817232376,-5,16.18,0.14,23.19,6.23,45.74,Q3-Fragilisé,3.0,Désertifié,Priorité B
59088,BOIS-GRENIER,Métropole Européenne de Lille,1775.0,6.66,62,28,34,54.83870967741935,15.774647887323944,-6,13.71,0.15,21.36,4.34,39.56,Q1-Dynamique,0.0,Dynamique,Non prioritaire
59089,BOLLEZEELE,CC des Hauts de Flandre,1445.0,12.92,45,20,25,55.55555555555556,13.840830449826989,-5,13.89,0.14,21.81,8.42,44.26,Q2-Stable,0.0,Dynamique,Non prioritaire
59090,BONDUES,Métropole Européenne de Lille,9747.0,7.43,471,174,297,63.05732484076433,17.851646660510927,-123,15.76,0.88,20.88,4.84,42.37,Q2-Stable,0.0,Dynamique,Non prioritaire
59091,BORRE,CA Coeur de Flandre,553.0,5.05,13,9,4,30.76923076923077,16.274864376130196,5,7.69,0.08,21.25,3.29,32.31,Q1-Dynamique,0.0,Dynamique,Non prioritaire
59092,BOUCHAIN,CA de la Porte du Hainaut,4113.0,15.07,124,55,69,55.64516129032258,13.372234378798929,-14,13.91,0.2,21.92,9.82,45.85,Q3-Fragilisé,1.0,Précaire,Non prioritaire
59093,BOULOGNE-SUR-HELPE,CC Coeur de l'Avesnois,291.0,12.98,4,1,3,75.0,3.436426116838488,-2,18.75,0.12,24.21,8.46,51.54,Q4-Fragile,3.0,Désertifié,Priorité B
59094,BOURBOURG,CU de Dunkerque,6931.0,13.48,256,117,139,54.296875,16.880680998412927,-22,13.57,0.25,21.11,8.78,43.71,Q2-Stable,0.0,Dynamique,Non prioritaire
59096,BOURGHELLES,CC Pévèle-Carembault,1682.0,7.2,43,18,25,58.13953488372093,10.70154577883472,-7,14.53,0.16,22.53,4.69,41.91,Q2-Stable,3.0,Désertifié,Non prioritaire
59097,BOURSIES,CA de Cambrai,360.0,13.05,12,8,4,33.33333333333333,22.22222222222222,4,8.33,0.09,19.88,8.5,36.8,Q1-Dynamique,0.0,Dynamique,Non prioritaire
59098,BOUSBECQUE,Métropole Européenne de Lille,4978.0,7.66,106,43,63,59.43396226415094,8.638007231820009,-20,14.86,0.24,23.01,4.99,43.09,Q2-Stable,3.0,Désertifié,Non prioritaire
59099,BOUSIES,CC du Pays de Mormal,1769.0,11.06,63,28,35,55.55555555555556,15.828151498021482,-7,13.89,0.16,21.35,7.21,42.6,Q2-Stable,0.0,Dynamique,Non prioritaire
59100,BOUSIGNIES,CA de la Porte du Hainaut,339.0,8.25,5,1,4,80.0,2.949852507374631,-3,20.0,0.13,24.32,5.38,49.83,Q4-Fragile,3.0,Désertifié,Priorité B
59101,BOUSIGNIES-SUR-ROC,CA Maubeuge Val de Sambre,369.0,10.82,8,2,6,75.0,5.420054200542006,-4,18.75,0.14,23.75,7.05,49.69,Q4-Fragile,3.0,Désertifié,Priorité B
59102,BOUSSIERES-EN-CAMBRESIS,CA du Caudrésis et du Catésis,436.0,14.21,10,6,4,40.0,13.761467889908255,2,10.0,0.1,21.83,9.26,41.19,Q2-Stable,0.0,Dynamique,Non prioritaire
59103,BOUSSIERES-SUR-SAMBRE,CA Maubeuge Val de Sambre,522.0,13.45,7,3,4,57.14285714285714,5.747126436781609,-1,14.29,0.12,23.67,8.76,46.84,Q3-Fragilisé,3.0,Désertifié,Priorité B
59104,BOUSSOIS,CA Maubeuge Val de Sambre,3123.0,15.6,94,49,45,47.87234042553192,15.69004162664105,4,11.97,0.09,21.38,10.16,43.6,Q2-Stable,0.0,Dynamique,Non prioritaire
59105,BOUVIGNIES,CC Pévèle-Carembault,1580.0,5.93,29,11,18,62.06896551724138,6.962025316455696,-7,15.52,0.16,23.39,3.86,42.93,Q2-Stable,3.0,Désertifié,Priorité B
59106,BOUVINES,Métropole Européenne de Lille,766.0,6.41,30,21,9,30.0,27.41514360313316,12,7.5,0.04,18.68,4.18,30.39,Q1-Dynamique,0.0,Dynamique,Non prioritaire
59107,BRAY-DUNES,CU de Dunkerque,4189.0,12.69,153,60,93,60.78431372549019,14.3232275005968,-33,15.2,0.32,21.7,8.27,45.48,Q3-Fragilisé,0.0,Dynamique,Non prioritaire
59108,BRIASTRE,CA du Caudrésis et du Catésis,689.0,12.0,19,5,14,73.68421052631578,7.25689404934688,-9,18.42,0.17,23.33,7.82,49.73,Q4-Fragile,3.0,Désertifié,Priorité B
59109,BRILLON,CA de la Porte du Hainaut,771.0,9.69,18,9,9,50.0,11.673151750972762,0,12.5,0.11,22.31,6.31,41.23,Q2-Stable,0.0,Dynamique,Non prioritaire
59110,BROUCKERQUE,CC des Hauts de Flandre,1452.0,5.24,21,7,14,66.66666666666666,4.820936639118457,-7,16.67,0.16,23.89,3.41,44.13,Q2-Stable,3.0,Désertifié,Priorité B
59111,BROXEELE,CC des Hauts de Flandre,425.0,4.79,21,11,10,47.61904761904761,25.88235294117647,1,11.9,0.11,19.03,3.12,34.16,Q1-Dynamique,0.0,Dynamique,Non prioritaire
59112,BRUAY-SUR-L'ESCAUT,CA Valenciennes Métropole,11644.0,20.63,361,148,213,59.0027700831025,12.710408794228789,-65,14.75,0.52,22.07,13.44,50.78,Q4-Fragile,1.0,Précaire,Priorité B
59113,BRUILLE-LEZ-MARCHIENNES,CA Coeur d'Ostrevent,1340.0,15.3,24,7,17,70.83333333333334,5.223880597014925,-10,17.71,0.17,23.8,9.97,51.65,Q4-Fragile,3.0,Désertifié,Priorité B
59114,BRUILLE-SAINT-AMAND,CA de la Porte du Hainaut,1698.0,9.28,35,13,22,62.85714285714285,7.656065959952886,-9,15.71,0.17,23.23,6.05,45.16,Q3-Fragilisé,3.0,Désertifié,Priorité B
59115,BRUNEMONT,CA Douaisis Agglo,704.0,11.77,13,8,5,38.46153846153847,11.363636363636363,3,9.62,0.09,22.38,7.67,39.76,Q1-Dynamique,0.0,Dynamique,Non prioritaire
59116,BRY,CC du Pays de Mormal,390.0,4.69,8,1,7,87.5,2.564102564102564,-6,21.88,0.15,24.41,3.06,49.49,Q4-Fragile,3.0,Désertifié,Priorité B
59117,BUGNICOURT,CA Douaisis Agglo,1095.0,7.91,22,9,13,59.09090909090909,8.219178082191782,-4,14.77,0.14,23.1,5.15,43.17,Q2-Stable,3.0,Désertifié,Non prioritaire
59118,BUSIGNY,CA du Caudrésis et du Catésis,2435.0,23.73,59,24,35,59.32203389830508,9.856262833675563,-11,14.83,0.18,22.73,15.46,53.2,Q4-Fragile,1.0,Précaire,Priorité B
59119,BUYSSCHEURE,CA Coeur de Flandre,582.0,7.75,16,7,9,56.25,12.027491408934708,-2,14.06,0.12,22.23,5.05,41.46,Q2-Stable,0.0,Dynamique,Non prioritaire
59120,CAESTRE,CA Coeur de Flandre,1951.0,5.77,39,19,20,51.28205128205128,9.7385955920041,-1,12.82,0.12,22.75,3.76,39.45,Q1-Dynamique,0.0,Dynamique,Non prioritaire
59121,CAGNONCLES,CA de Cambrai,663.0,10.09,13,6,7,53.84615384615385,9.049773755656108,-1,13.46,0.12,22.91,6.57,43.07,Q2-Stable,0.0,Dynamique,Non prioritaire
59122,CAMBRAI,CA de Cambrai,31134.0,21.54,1873,751,1122,59.903897490656696,24.12153915333719,-371,14.98,2.43,19.44,14.03,50.88,Q4-Fragile,1.0,Précaire,Priorité B
59123,CAMPHIN-EN-CAREMBAULT,CC Pévèle-Carembault,1737.0,6.15,39,17,22,56.41025641025641,9.78698906160046,-5,14.1,0.14,22.74,4.01,41.0,Q1-Dynamique,3.0,Désertifié,Non prioritaire
59124,CAMPHIN-EN-PEVELE,CC Pévèle-Carembault,2518.0,6.17,58,25,33,56.896551724137936,9.928514694201748,-8,14.22,0.16,22.71,4.02,41.12,Q2-Stable,3.0,Désertifié,Non prioritaire
59125,CANTAING-SUR-ESCAUT,CA de Cambrai,410.0,12.14,6,3,3,50.0,7.317073170731708,0,12.5,0.11,23.31,7.91,43.83,Q2-Stable,0.0,Dynamique,Priorité B
59126,CANTIN,CA Douaisis Agglo,1741.0,13.01,35,11,24,68.57142857142857,6.318207926479035,-13,17.14,0.19,23.54,8.48,49.36,Q4-Fragile,3.0,Désertifié,Priorité B
59128,CAPINGHEM,Métropole Européenne de Lille,2728.0,9.14,102,43,59,57.84313725490197,15.762463343108504,-16,14.46,0.21,21.37,5.96,41.99,Q2-Stable,0.0,Dynamique,Non prioritaire
59129,CAPPELLE-EN-PEVELE,CC Pévèle-Carembault,2257.0,4.89,43,22,21,48.837209302325576,9.74745237040319,1,12.21,0.11,22.75,3.19,38.25,Q1-Dynamique,0.0,Dynamique,Non prioritaire
59130,CAPPELLE-BROUCK,CC des Hauts de Flandre,1169.0,9.59,22,11,11,50.0,9.409751924721984,0,12.5,0.11,22.83,6.25,41.69,Q2-Stable,0.0,Dynamique,Non prioritaire
59131,CAPPELLE-LA-GRANDE,CU de Dunkerque,7839.0,16.61,194,97,97,50.0,12.374027299400431,0,12.5,0.11,22.15,10.82,45.58,Q3-Fragilisé,1.0,Précaire,Non prioritaire
59132,CARNIERES,CA du Caudrésis et du Catésis,983.0,13.64,29,13,16,55.172413793103445,13.224821973550355,-3,13.79,0.13,21.95,8.89,44.76,Q3-Fragilisé,0.0,Dynamique,Non prioritaire
59133,CARNIN,Métropole Européenne de Lille,1105.0,5.53,17,10,7,41.17647058823529,9.049773755656108,3,10.29,0.09,22.91,3.6,36.9,Q1-Dynamique,0.0,Dynamique,Non prioritaire
59134,CARTIGNIES,CC Coeur de l'Avesnois,1209.0,13.25,35,16,19,54.285714285714285,13.23407775020678,-3,13.57,0.13,21.95,8.63,44.28,Q3-Fragilisé,0.0,Dynamique,Non prioritaire
59135,CASSEL,CA Coeur de Flandre,2198.0,10.99,86,32,54,62.7906976744186,14.558689717925388,-22,15.7,0.25,21.64,7.16,44.75,Q3-Fragilisé,3.0,Désertifié,Non prioritaire
59136,LE CATEAU-CAMBRESIS,CA du Caudrésis et du Catésis,6764.0,29.48,344,140,204,59.30232558139535,20.69781194559432,-64,14.83,0.51,20.23,19.21,54.77,Q4-Fragile,1.0,Précaire,Priorité B
59137,CATILLON-SUR-SAMBRE,CA du Caudrésis et du Catésis,781.0,15.69,27,12,15,55.55555555555556,15.364916773367478,-3,13.89,0.13,21.46,10.22,45.7,Q3-Fragilisé,1.0,Précaire,Non prioritaire
59138,CATTENIERES,CA du Caudrésis et du Catésis,689.0,9.24,23,11,12,52.17391304347826,15.965166908563136,-1,13.04,0.12,21.32,6.02,40.5,Q1-Dynamique,0.0,Dynamique,Non prioritaire
59139,CAUDRY,CA du Caudrésis et du Catésis,13833.0,26.26,728,287,441,60.57692307692307,20.74748789127449,-154,15.14,1.07,20.22,17.11,53.54,Q4-Fragile,1.0,Précaire,Priorité B
59140,CAULLERY,CA du Caudrésis et du Catésis,467.0,12.28,9,4,5,55.55555555555556,8.565310492505352,-1,13.89,0.12,23.02,8.0,45.03,Q3-Fragilisé,3.0,Désertifié,Non prioritaire
59141,CAUROIR,CA de Cambrai,579.0,10.31,19,8,11,57.89473684210527,13.81692573402418,-3,14.47,0.13,21.81,6.72,43.14,Q2-Stable,0.0,Dynamique,Non prioritaire
59142,CERFONTAINE,CA Maubeuge Val de Sambre,646.0,8.83,9,3,6,66.66666666666666,4.643962848297213,-3,16.67,0.13,23.93,5.75,46.48,Q3-Fragilisé,3.0,Désertifié,Priorité B
59143,LA CHAPELLE-D'ARMENTIERES,Métropole Européenne de Lille,8754.0,9.13,253,97,156,61.6600790513834,11.08064884624172,-59,15.42,0.48,22.44,5.95,44.29,Q3-Fragilisé,3.0,Désertifié,Non prioritaire
59144,CHATEAU-L'ABBAYE,CA de la Porte du Hainaut,917.0,8.68,24,14,10,41.66666666666667,15.267175572519085,4,10.42,0.09,21.48,5.66,37.64,Q1-Dynamique,0.0,Dynamique,Non prioritaire
59145,CHEMY,CC Pévèle-Carembault,766.0,4.25,15,9,6,40.0,11.74934725848564,3,10.0,0.09,22.29,2.77,35.15,Q1-Dynamique,0.0,Dynamique,Non prioritaire
59146,CHERENG,Métropole Européenne de Lille,3078.0,6.41,66,29,37,56.060606060606055,9.421702404158545,-8,14.02,0.16,22.83,4.18,41.18,Q2-Stable,3.0,Désertifié,Non prioritaire
59147,CHOISIES,CC Coeur de l'Avesnois,43.0,4.17,1,1,0,0.0,23.25581395348837,1,0.0,0.11,19.64,2.72,22.46,Q1-Dynamique,0.0,Dynamique,Non prioritaire
59148,CLAIRFAYTS,CC Coeur de l'Avesnois,357.0,16.62,12,4,8,66.66666666666666,11.204481792717088,-4,16.67,0.14,22.42,10.83,50.05,Q4-Fragile,1.0,Précaire,Priorité B
59149,CLARY,CA du Caudrésis et du Catésis,1088.0,11.24,28,15,13,46.42857142857143,13.786764705882351,2,11.61,0.1,21.82,7.32,40.85,Q1-Dynamique,0.0,Dynamique,Non prioritaire
59150,COBRIEUX,CC Pévèle-Carembault,563.0,5.43,11,5,6,54.54545454545454,8.880994671403197,-1,13.64,0.12,22.95,3.54,40.25,Q1-Dynamique,3.0,Désertifié,Non prioritaire
59151,COLLERET,CA Maubeuge Val de Sambre,1541.0,10.5,29,11,18,62.06896551724138,7.138221933809215,-7,15.52,0.16,23.35,6.84,45.87,Q3-Fragilisé,3.0,Désertifié,Priorité B
59152,COMINES,Métropole Européenne de Lille,12731.0,11.85,339,142,197,58.11209439528023,11.153876364778888,-55,14.53,0.46,22.43,7.72,45.13,Q3-Fragilisé,3.0,Désertifié,Non prioritaire
59153,CONDE-SUR-L'ESCAUT,CA Valenciennes Métropole,9253.0,28.66,262,105,157,59.92366412213741,11.347671025613314,-52,14.98,0.44,22.38,18.67,56.47,Q4-Fragile,1.0,Précaire,Priorité B
59155,COUDEKERQUE-BRANCHE,CU de Dunkerque,20787.0,15.33,626,273,353,56.38977635782748,13.133208255159476,-80,14.1,0.61,21.97,9.99,46.67,Q3-Fragilisé,1.0,Précaire,Non prioritaire
59156,COURCHELETTES,CA Douaisis Agglo,2855.0,13.55,71,30,41,57.74647887323944,10.507880910683012,-11,14.44,0.18,22.58,8.83,46.02,Q3-Fragilisé,3.0,Désertifié,Non prioritaire
59157,COUSOLRE,CA Maubeuge Val de Sambre,2153.0,18.11,87,37,50,57.47126436781609,17.18532280538783,-13,14.37,0.19,21.04,11.8,47.4,Q3-Fragilisé,1.0,Précaire,Non prioritaire
59158,COUTICHES,CC Pévèle-Carembault,3436.0,5.61,87,39,48,55.172413793103445,11.350407450523866,-9,13.79,0.17,22.38,3.66,40.0,Q1-Dynamique,0.0,Dynamique,Non prioritaire
59159,CRAYWICK,CU de Dunkerque,791.0,6.22,17,10,7,41.17647058823529,12.642225031605562,3,10.29,0.09,22.08,4.05,36.53,Q1-Dynamique,0.0,Dynamique,Non prioritaire
59160,CRESPIN,CA Valenciennes Métropole,4532.0,22.59,87,38,49,56.32183908045977,8.384819064430715,-11,14.08,0.18,23.07,14.72,52.05,Q4-Fragile,1.0,Précaire,Priorité B
59161,CREVECŒUR-SUR-L'ESCAUT,CA de Cambrai,716.0,9.99,13,8,5,38.46153846153847,11.1731843575419,3,9.62,0.09,22.42,6.51,38.64,Q1-Dynamique,0.0,Dynamique,Non prioritaire
59162,CROCHTE,CC des Hauts de Flandre,659.0,7.36,10,7,3,30.0,10.62215477996965,4,7.5,0.09,22.55,4.8,34.93,Q1-Dynamique,0.0,Dynamique,Non prioritaire
59163,CROIX,Métropole Européenne de Lille,20566.0,14.33,848,319,529,62.38207547169812,15.51103763493144,-210,15.6,1.42,21.42,9.34,47.78,Q4-Fragile,1.0,Précaire,Non prioritaire
59164,CROIX-CALUYAU,CC du Pays de Mormal,238.0,9.22,4,1,3,75.0,4.201680672268908,-2,18.75,0.12,24.03,6.01,48.91,Q4-Fragile,3.0,Désertifié,Priorité B
59165,CUINCY,CA Douaisis Agglo,6467.0,13.05,153,62,91,59.47712418300654,9.587134683779189,-29,14.87,0.29,22.79,8.5,46.45,Q3-Fragilisé,3.0,Désertifié,Non prioritaire
59166,CURGIES,CA Valenciennes Métropole,1333.0,9.58,30,17,13,43.333333333333336,12.753188297074267,4,10.83,0.09,22.06,6.24,39.22,Q1-Dynamique,0.0,Dynamique,Non prioritaire
59167,CUVILLERS,CA de Cambrai,177.0,13.25,5,3,2,40.0,16.949152542372882,1,10.0,0.11,21.09,8.63,39.83,Q1-Dynamique,0.0,Dynamique,Non prioritaire
59168,CYSOING,CC Pévèle-Carembault,4839.0,9.12,204,92,112,54.90196078431373,19.012192601777222,-20,13.73,0.24,20.62,5.94,40.52,Q1-Dynamique,0.0,Dynamique,Non prioritaire
59169,DAMOUSIES,CC Coeur de l'Avesnois,205.0,16.13,2,2,0,0.0,9.75609756097561,2,0.0,0.1,22.75,10.51,33.36,Q1-Dynamique,0.0,Dynamique,Non prioritaire
59170,DECHY,CA Douaisis Agglo,5338.0,22.23,233,104,129,55.36480686695279,19.482952416635445,-25,13.84,0.27,20.51,14.48,49.1,Q4-Fragile,1.0,Précaire,Non prioritaire
59171,DEHERIES,CA du Caudrésis et du Catésis,43.0,0.0,2,0,2,100.0,0.0,-2,25.0,0.12,25.0,0.0,50.12,Q4-Fragile,3.0,Désertifié,Priorité A
59172,DENAIN,CA de la Porte du Hainaut,20665.0,31.94,1146,553,593,51.74520069808028,26.760222598596663,-40,12.94,0.36,18.83,20.81,52.94,Q4-Fragile,1.0,Précaire,Priorité B
59173,DEULEMONT,Métropole Européenne de Lille,1778.0,6.87,48,20,28,58.333333333333336,11.24859392575928,-8,14.58,0.16,22.41,4.48,41.63,Q2-Stable,3.0,Désertifié,Non prioritaire
59174,DIMECHAUX,CC Coeur de l'Avesnois,327.0,8.17,11,5,6,54.54545454545454,15.29051987767584,-1,13.64,0.12,21.47,5.32,40.55,Q1-Dynamique,0.0,Dynamique,Non prioritaire
59175,DIMONT,CC Coeur de l'Avesnois,289.0,12.76,11,3,8,72.72727272727273,10.380622837370243,-5,18.18,0.14,22.61,8.31,49.25,Q4-Fragile,3.0,Désertifié,Non prioritaire
59176,DOIGNIES,CA de Cambrai,325.0,11.87,12,4,8,66.66666666666666,12.307692307692308,-4,16.67,0.14,22.16,7.73,46.7,Q3-Fragilisé,3.0,Désertifié,Non prioritaire
59177,DOMPIERRE-SUR-HELPE,CC Coeur de l'Avesnois,815.0,13.9,22,7,15,68.18181818181817,8.588957055214724,-8,17.05,0.16,23.02,9.06,49.28,Q4-Fragile,3.0,Désertifié,Non prioritaire
59178,DOUAI,CA Douaisis Agglo,40250.0,22.32,1890,630,1260,66.66666666666666,15.652173913043478,-630,16.67,4.05,21.39,14.54,56.65,Q4-Fragile,1.0,Précaire,Priorité B
59179,DOUCHY-LES-MINES,CA de la Porte du Hainaut,10109.0,18.21,262,116,146,55.72519083969466,11.474923335641508,-30,13.93,0.3,22.35,11.86,48.45,Q4-Fragile,1.0,Précaire,Non prioritaire
59180,LE DOULIEU,CA Coeur de Flandre,1436.0,4.36,38,17,21,55.26315789473685,11.838440111420612,-4,13.82,0.14,22.27,2.84,39.06,Q1-Dynamique,0.0,Dynamique,Non prioritaire
59181,DOURLERS,CC Coeur de l'Avesnois,536.0,9.13,13,7,6,46.15384615384615,13.059701492537313,1,11.54,0.11,21.99,5.95,39.58,Q1-Dynamique,0.0,Dynamique,Non prioritaire
59182,DRINCHAM,CC des Hauts de Flandre,281.0,11.42,7,1,6,85.71428571428571,3.558718861209964,-5,21.43,0.14,24.18,7.44,53.19,Q4-Fragile,3.0,Désertifié,Priorité B
59183,DUNKERQUE,CU de Dunkerque,86263.0,19.65,3832,1443,2389,62.34342379958247,16.727913473911176,-946,15.59,6.02,21.14,12.8,55.55,Q4-Fragile,1.0,Précaire,Priorité B
59184,EBBLINGHEM,CA Coeur de Flandre,660.0,7.72,10,5,5,50.0,7.575757575757575,0,12.5,0.11,23.25,5.03,40.9,Q1-Dynamique,0.0,Dynamique,Priorité B
59185,ECAILLON,CA Coeur d'Ostrevent,1869.0,16.71,27,16,11,40.74074074074074,8.560727661851258,5,10.19,0.08,23.03,10.89,44.18,Q2-Stable,0.0,Dynamique,Non prioritaire
59186,ECCLES,CC Coeur de l'Avesnois,94.0,5.13,1,0,1,100.0,0.0,-1,25.0,0.12,25.0,3.34,53.46,Q4-Fragile,3.0,Désertifié,Priorité A
59187,ECLAIBES,CA Maubeuge Val de Sambre,269.0,6.41,5,2,3,60.0,7.434944237918216,-1,15.0,0.12,23.29,4.18,42.58,Q2-Stable,3.0,Désertifié,Priorité B
59188,ECUELIN,CA Maubeuge Val de Sambre,145.0,7.69,5,1,4,80.0,6.896551724137932,-3,20.0,0.13,23.41,5.01,48.55,Q4-Fragile,3.0,Désertifié,Priorité B
59189,EECKE,CA Coeur de Flandre,1213.0,5.85,29,12,17,58.620689655172406,9.89282769991756,-5,14.66,0.14,22.72,3.81,41.33,Q2-Stable,3.0,Désertifié,Non prioritaire
59190,ELESMES,CA Maubeuge Val de Sambre,1013.0,7.5,25,13,12,48.0,12.833168805528135,1,12.0,0.11,22.04,4.89,39.03,Q1-Dynamique,0.0,Dynamique,Non prioritaire
59191,ELINCOURT,CA du Caudrésis et du Catésis,606.0,15.79,26,11,15,57.692307692307686,18.15181518151816,-4,14.42,0.14,20.81,10.29,45.66,Q3-Fragilisé,1.0,Précaire,Non prioritaire
59192,EMERCHICOURT,CA de la Porte du Hainaut,804.0,10.86,23,9,14,60.86956521739131,11.194029850746269,-5,15.22,0.14,22.42,7.08,44.86,Q3-Fragilisé,3.0,Désertifié,Non prioritaire
59193,EMMERIN,Métropole Européenne de Lille,3026.0,7.36,52,24,28,53.84615384615385,7.931262392597489,-4,13.46,0.14,23.17,4.8,41.57,Q2-Stable,3.0,Désertifié,Priorité B
59194,ENGLEFONTAINE,CC du Pays de Mormal,1291.0,15.34,34,18,16,47.05882352941176,13.942680092951202,2,11.76,0.1,21.78,9.99,43.64,Q2-Stable,0.0,Dynamique,Non prioritaire
59195,ENGLOS,Métropole Européenne de Lille,618.0,7.8,124,67,57,45.96774193548387,108.41423948220064,10,11.49,0.05,0.0,5.08,16.62,Q1-Dynamique,0.0,Dynamique,Non prioritaire
59196,ENNETIERES-EN-WEPPES,Métropole Européenne de Lille,1280.0,5.71,75,44,31,41.333333333333336,34.375,13,10.33,0.03,17.07,3.72,31.16,Q1-Dynamique,0.0,Dynamique,Non prioritaire
59197,ENNEVELIN,CC Pévèle-Carembault,2416.0,4.92,70,27,43,61.42857142857143,11.175496688741722,-16,15.36,0.21,22.42,3.21,41.2,Q2-Stable,3.0,Désertifié,Non prioritaire
59198,EPPE-SAUVAGE,CC du Sud Avesnois,237.0,9.85,15,8,7,46.66666666666666,33.755274261603375,1,11.67,0.11,17.22,6.42,35.41,Q1-Dynamique,0.0,Dynamique,Non prioritaire
59199,ERCHIN,CA Douaisis Agglo,670.0,10.43,8,3,5,62.5,4.477611940298507,-2,15.62,0.12,23.97,6.8,46.51,Q3-Fragilisé,3.0,Désertifié,Priorité B
59200,ERINGHEM,CC des Hauts de Flandre,462.0,5.85,8,2,6,75.0,4.329004329004329,-4,18.75,0.14,24.0,3.81,46.7,Q3-Fragilisé,3.0,Désertifié,Priorité B
59201,ERQUINGHEM-LE-SEC,Métropole Européenne de Lille,620.0,5.48,12,4,8,66.66666666666666,6.451612903225807,-4,16.67,0.14,23.51,3.57,43.89,Q2-Stable,3.0,Désertifié,Priorité B
59202,ERQUINGHEM-LYS,Métropole Européenne de Lille,5341.0,7.36,150,47,103,68.66666666666667,8.799850215315484,-56,17.17,0.46,22.97,4.8,45.4,Q3-Fragilisé,3.0,Désertifié,Non prioritaire
59203,ERRE,CA Coeur d'Ostrevent,1586.0,9.5,43,13,30,69.76744186046511,8.19672131147541,-17,17.44,0.22,23.11,6.19,46.96,Q3-Fragilisé,3.0,Désertifié,Non prioritaire
59204,ESCARMAIN,CC du Pays Solesmois,479.0,8.24,11,3,8,72.72727272727273,6.263048016701462,-5,18.18,0.14,23.56,5.37,47.25,Q3-Fragilisé,3.0,Désertifié,Priorité B
59205,ESCAUDAIN,CA de la Porte du Hainaut,9039.0,21.14,263,123,140,53.2319391634981,13.607699966810488,-17,13.31,0.22,21.86,13.77,49.16,Q4-Fragile,1.0,Précaire,Non prioritaire
59206,ESCAUDOEUVRES,CA de Cambrai,3171.0,19.15,117,51,66,56.41025641025641,16.08325449385052,-15,14.1,0.21,21.29,12.48,48.08,Q4-Fragile,1.0,Précaire,Non prioritaire
59207,ESCAUTPONT,CA de la Porte du Hainaut,4202.0,27.35,81,37,44,54.32098765432099,8.805330794859591,-7,13.58,0.16,22.97,17.82,54.53,Q4-Fragile,1.0,Précaire,Priorité B
59208,ESCOBECQUES,Métropole Européenne de Lille,302.0,3.61,6,2,4,66.66666666666666,6.622516556291391,-2,16.67,0.12,23.47,2.35,42.62,Q2-Stable,3.0,Désertifié,Priorité B
59209,ESNES,CA de Cambrai,656.0,16.22,10,2,8,80.0,3.048780487804878,-6,20.0,0.15,24.3,10.57,55.02,Q4-Fragile,3.0,Désertifié,Priorité B
59210,ESQUELBECQ,CC des Hauts de Flandre,2137.0,7.59,50,22,28,56.00000000000001,10.294805802526907,-6,14.0,0.15,22.63,4.95,41.72,Q2-Stable,3.0,Désertifié,Non prioritaire
59211,ESQUERCHIN,CA Douaisis Agglo,893.0,11.25,20,8,12,60.0,8.958566629339305,-4,15.0,0.14,22.93,7.33,45.4,Q3-Fragilisé,3.0,Désertifié,Non prioritaire
59212,ESTAIRES,CC Flandre Lys,6525.0,11.46,247,112,135,54.655870445344135,17.164750957854405,-23,13.66,0.26,21.04,7.47,42.43,Q2-Stable,0.0,Dynamique,Non prioritaire
59213,ESTOURMEL,CA du Caudrésis et du Catésis,475.0,6.32,12,3,9,75.0,6.315789473684211,-6,18.75,0.15,23.54,4.12,46.56,Q3-Fragilisé,3.0,Désertifié,Priorité B
59214,ESTREES,CA Douaisis Agglo,1134.0,8.14,25,8,17,68.0,7.0546737213403885,-9,17.0,0.17,23.37,5.3,45.85,Q3-Fragilisé,3.0,Désertifié,Priorité B
59215,ESTREUX,CA Valenciennes Métropole,937.0,7.36,26,9,17,65.38461538461539,9.6051227321238,-8,16.35,0.16,22.79,4.8,44.09,Q2-Stable,3.0,Désertifié,Non prioritaire
59216,ESWARS,CA de Cambrai,363.0,8.65,9,2,7,77.77777777777779,5.5096418732782375,-5,19.44,0.14,23.73,5.64,48.95,Q4-Fragile,3.0,Désertifié,Priorité B
59217,ETH,CC du Pays de Mormal,328.0,4.57,6,2,4,66.66666666666666,6.097560975609756,-2,16.67,0.12,23.59,2.98,43.36,Q2-Stable,3.0,Désertifié,Priorité B
59218,ETRŒUNGT,CC Coeur de l'Avesnois,1233.0,11.58,40,19,21,52.5,15.4095701540957,-2,13.12,0.12,21.45,7.54,42.24,Q2-Stable,0.0,Dynamique,Non prioritaire
59219,ESTRUN,CA de Cambrai,725.0,7.32,17,9,8,47.05882352941176,12.413793103448276,1,11.76,0.11,22.14,4.77,38.78,Q1-Dynamique,0.0,Dynamique,Non prioritaire
59220,FACHES-THUMESNIL,Métropole Européenne de Lille,18619.0,12.51,736,320,416,56.52173913043478,17.186744723132286,-96,14.13,0.71,21.04,8.15,44.03,Q2-Stable,0.0,Dynamique,Non prioritaire
59221,FAMARS,CA Valenciennes Métropole,2474.0,19.33,60,29,31,51.66666666666667,11.721907841552142,-2,12.92,0.12,22.3,12.59,47.93,Q4-Fragile,1.0,Précaire,Non prioritaire
59222,FAUMONT,CA Douaisis Agglo,2278.0,5.61,58,15,43,74.13793103448276,6.584723441615452,-28,18.53,0.29,23.48,3.66,45.96,Q3-Fragilisé,3.0,Désertifié,Priorité B
59223,LE FAVRIL,CC du Pays de Mormal,506.0,14.25,15,5,10,66.66666666666666,9.881422924901186,-5,16.67,0.14,22.72,9.28,48.82,Q4-Fragile,3.0,Désertifié,Non prioritaire
59224,FECHAIN,CA Douaisis Agglo,1635.0,14.78,44,21,23,52.27272727272727,12.844036697247706,-2,13.07,0.12,22.04,9.63,44.86,Q3-Fragilisé,0.0,Dynamique,Non prioritaire
59225,FEIGNIES,CA Maubeuge Val de Sambre,6703.0,20.34,226,96,130,57.52212389380531,14.321945397583171,-34,14.38,0.32,21.7,13.25,49.66,Q4-Fragile,1.0,Précaire,Non prioritaire
59226,FELLERIES,CC Coeur de l'Avesnois,1433.0,12.79,39,13,26,66.66666666666666,9.071877180739708,-13,16.67,0.19,22.91,8.33,48.1,Q4-Fragile,3.0,Désertifié,Non prioritaire
59227,FENAIN,CA Coeur d'Ostrevent,5441.0,18.54,125,55,70,56.00000000000001,10.10843594927403,-15,14.0,0.21,22.67,12.08,48.95,Q4-Fragile,1.0,Précaire,Non prioritaire
59228,FERIN,CA Douaisis Agglo,1432.0,6.26,46,22,24,52.17391304347826,15.363128491620111,-2,13.04,0.12,21.46,4.08,38.7,Q1-Dynamique,0.0,Dynamique,Non prioritaire
59229,FERON,CC du Sud Avesnois,514.0,8.67,15,5,10,66.66666666666666,9.727626459143968,-5,16.67,0.14,22.76,5.65,45.22,Q3-Fragilisé,3.0,Désertifié,Non prioritaire
59230,FERRIERE-LA-GRANDE,CA Maubeuge Val de Sambre,5131.0,19.89,134,71,63,47.01492537313433,13.837458585071136,8,11.75,0.06,21.81,12.96,46.58,Q3-Fragilisé,1.0,Précaire,Non prioritaire
59231,FERRIERE-LA-PETITE,CA Maubeuge Val de Sambre,1024.0,14.6,20,8,12,60.0,7.8125,-4,15.0,0.14,23.2,9.51,47.85,Q4-Fragile,3.0,Désertifié,Priorité B
59232,LA FLAMENGRIE,CC du Pays de Mormal,431.0,6.5,7,2,5,71.42857142857143,4.640371229698376,-3,17.86,0.13,23.93,4.24,46.15,Q3-Fragilisé,3.0,Désertifié,Priorité B
59233,FLAUMONT-WAUDRECHIES,CC Coeur de l'Avesnois,342.0,15.08,6,1,5,83.33333333333334,2.923976608187134,-4,20.83,0.14,24.33,9.83,55.12,Q4-Fragile,3.0,Désertifié,Priorité B
59234,FLERS-EN-ESCREBIEUX,CA Douaisis Agglo,5424.0,15.91,293,128,165,56.31399317406144,23.59882005899705,-37,14.08,0.34,19.56,10.37,44.35,Q3-Fragilisé,1.0,Précaire,Non prioritaire
59236,FLESQUIERES,CA de Cambrai,276.0,12.61,10,3,7,70.0,10.869565217391305,-4,17.5,0.14,22.49,8.22,48.35,Q4-Fragile,3.0,Désertifié,Non prioritaire
59237,FLETRE,CA Coeur de Flandre,923.0,7.1,19,10,9,47.368421052631575,10.834236186348862,1,11.84,0.11,22.5,4.63,39.08,Q1-Dynamique,0.0,Dynamique,Non prioritaire
59238,FLINES-LES-MORTAGNE,CA de la Porte du Hainaut,1685.0,9.34,36,12,24,66.66666666666666,7.121661721068249,-12,16.67,0.19,23.36,6.09,46.3,Q3-Fragilisé,3.0,Désertifié,Priorité B
59239,FLINES-LEZ-RACHES,CA Douaisis Agglo,5745.0,9.96,171,66,105,61.40350877192983,11.488250652741517,-39,15.35,0.36,22.35,6.49,44.55,Q3-Fragilisé,3.0,Désertifié,Non prioritaire
59240,FLOURSIES,CC Coeur de l'Avesnois,131.0,10.17,4,3,1,25.0,22.900763358778622,2,6.25,0.1,19.72,6.63,32.7,Q1-Dynamique,0.0,Dynamique,Non prioritaire
59241,FLOYON,CC Coeur de l'Avesnois,505.0,15.42,14,7,7,50.0,13.86138613861386,0,12.5,0.11,21.8,10.05,44.46,Q3-Fragilisé,0.0,Dynamique,Non prioritaire
59242,FONTAINE-AU-BOIS,CC du Pays de Mormal,687.0,10.24,21,7,14,66.66666666666666,10.189228529839882,-7,16.67,0.16,22.65,6.67,46.15,Q3-Fragilisé,3.0,Désertifié,Non prioritaire
59243,FONTAINE-AU-PIRE,CA du Caudrésis et du Catésis,1214.0,13.1,34,17,17,50.0,14.00329489291598,0,12.5,0.11,21.77,8.54,42.92,Q2-Stable,0.0,Dynamique,Non prioritaire
59244,FONTAINE-NOTRE-DAME,CA de Cambrai,1754.0,10.01,43,20,23,53.48837209302325,11.402508551881414,-3,13.37,0.13,22.37,6.52,42.4,Q2-Stable,0.0,Dynamique,Non prioritaire
59246,FOREST-EN-CAMBRESIS,CC du Pays de Mormal,549.0,8.67,16,7,9,56.25,12.750455373406192,-2,14.06,0.12,22.06,5.65,41.9,Q2-Stable,0.0,Dynamique,Non prioritaire
59247,FOREST-SUR-MARQUE,Métropole Européenne de Lille,1662.0,8.04,32,9,23,71.875,5.415162454873647,-14,17.97,0.2,23.75,5.24,47.16,Q3-Fragilisé,3.0,Désertifié,Priorité B
59249,FOURMIES,CC du Sud Avesnois,11449.0,27.81,623,242,381,61.15569823434992,21.13721722421172,-139,15.29,0.98,20.13,18.12,54.51,Q4-Fragile,1.0,Précaire,Priorité B
59250,FOURNES-EN-WEPPES,Métropole Européenne de Lille,2179.0,6.1,45,26,19,42.22222222222222,11.932078935291418,7,10.56,0.07,22.25,3.97,36.85,Q1-Dynamique,0.0,Dynamique,Non prioritaire
59251,FRASNOY,CC du Pays de Mormal,389.0,8.29,13,5,8,61.53846153846154,12.853470437017997,-3,15.38,0.13,22.04,5.4,42.95,Q2-Stable,3.0,Désertifié,Non prioritaire
59252,FRELINGHIEN,Métropole Européenne de Lille,2609.0,7.08,66,30,36,54.54545454545454,11.498658489842851,-6,13.64,0.15,22.35,4.61,40.75,Q1-Dynamique,0.0,Dynamique,Non prioritaire
59253,FRESNES-SUR-ESCAUT,CA Valenciennes Métropole,7354.0,23.75,208,98,110,52.88461538461539,13.326081044329616,-12,13.22,0.19,21.93,15.47,50.81,Q4-Fragile,1.0,Précaire,Priorité B
59254,FRESSAIN,CA Douaisis Agglo,919.0,8.07,15,8,7,46.66666666666666,8.705114254624592,1,11.67,0.11,22.99,5.26,40.02,Q1-Dynamique,0.0,Dynamique,Non prioritaire
59255,FRESSIES,CA de Cambrai,571.0,10.4,22,8,14,63.63636363636363,14.010507880910684,-6,15.91,0.15,21.77,6.78,44.6,Q3-Fragilisé,3.0,Désertifié,Non prioritaire
59256,FRETIN,Métropole Européenne de Lille,3214.0,7.05,126,43,83,65.87301587301587,13.378967019290604,-40,16.47,0.36,21.91,4.59,43.34,Q2-Stable,3.0,Désertifié,Non prioritaire
59257,FROMELLES,Métropole Européenne de Lille,1161.0,5.76,19,11,8,42.10526315789473,9.474590869939709,3,10.53,0.09,22.82,3.75,37.19,Q1-Dynamique,0.0,Dynamique,Non prioritaire
59258,GENECH,CC Pévèle-Carembault,2803.0,4.99,65,27,38,58.46153846153847,9.632536567962896,-11,14.62,0.18,22.78,3.25,40.83,Q1-Dynamique,3.0,Désertifié,Non prioritaire
59259,GHISSIGNIES,CC du Pays de Mormal,505.0,9.0,11,2,9,81.81818181818183,3.96039603960396,-7,20.45,0.16,24.09,5.86,50.56,Q4-Fragile,3.0,Désertifié,Priorité B
59260,GHYVELDE,CU de Dunkerque,4133.0,8.31,101,39,62,61.38613861386138,9.436244858456329,-23,15.35,0.26,22.82,5.41,43.84,Q2-Stable,3.0,Désertifié,Non prioritaire
59261,GLAGEON,CC du Sud Avesnois,1699.0,19.89,52,25,27,51.92307692307693,14.714537963507944,-2,12.98,0.12,21.61,12.96,47.67,Q4-Fragile,1.0,Précaire,Non prioritaire
59262,GODEWAERSVELDE,CA Coeur de Flandre,2024.0,6.67,37,19,18,48.64864864864865,9.387351778656129,1,12.16,0.11,22.84,4.35,39.45,Q1-Dynamique,0.0,Dynamique,Non prioritaire
59263,GŒULZIN,CA Douaisis Agglo,1070.0,7.61,15,6,9,60.0,5.607476635514018,-3,15.0,0.13,23.71,4.96,43.8,Q2-Stable,3.0,Désertifié,Priorité B
59264,GOGNIES-CHAUSSEE,CA Maubeuge Val de Sambre,723.0,14.99,11,4,7,63.63636363636363,5.532503457814661,-3,15.91,0.13,23.72,9.77,49.53,Q4-Fragile,3.0,Désertifié,Priorité B
59265,GOMMEGNIES,CC du Pays de Mormal,2264.0,8.32,56,25,31,55.35714285714286,11.042402826855124,-6,13.84,0.15,22.45,5.42,41.86,Q2-Stable,0.0,Dynamique,Non prioritaire
59266,GONDECOURT,CC Pévèle-Carembault,4148.0,6.68,112,46,66,58.92857142857143,11.089681774349083,-20,14.73,0.24,22.44,4.35,41.76,Q2-Stable,3.0,Désertifié,Non prioritaire
59267,GONNELIEU,CA de Cambrai,279.0,11.17,8,4,4,50.0,14.336917562724013,0,12.5,0.11,21.69,7.28,41.58,Q2-Stable,0.0,Dynamique,Non prioritaire
59268,LA GORGUE,CC Flandre Lys,5616.0,11.03,185,100,85,45.94594594594595,17.806267806267808,15,11.49,0.02,20.89,7.19,39.59,Q1-Dynamique,0.0,Dynamique,Non prioritaire
59269,GOUZEAUCOURT,CA de Cambrai,1413.0,16.99,60,24,36,60.0,16.985138004246284,-12,15.0,0.19,21.08,11.07,47.34,Q3-Fragilisé,1.0,Précaire,Non prioritaire
59270,GRAND-FAYT,CC Coeur de l'Avesnois,473.0,14.64,12,7,5,41.66666666666667,14.799154334038056,2,10.42,0.1,21.59,9.54,41.64,Q2-Stable,0.0,Dynamique,Non prioritaire
59271,GRANDE-SYNTHE,CU de Dunkerque,20239.0,26.79,707,271,436,61.66902404526167,13.38998962399328,-165,15.42,1.14,21.91,17.46,55.93,Q4-Fragile,1.0,Précaire,Priorité B
59272,GRAND-FORT-PHILIPPE,CU de Dunkerque,4887.0,13.75,107,48,59,55.140186915887845,9.821976672805404,-11,13.79,0.18,22.74,8.96,45.66,Q3-Fragilisé,0.0,Dynamique,Non prioritaire
59273,GRAVELINES,CU de Dunkerque,11430.0,12.83,321,129,192,59.813084112149525,11.286089238845143,-63,14.95,0.51,22.4,8.36,46.22,Q3-Fragilisé,3.0,Désertifié,Non prioritaire
59274,LA GROISE,CA du Caudrésis et du Catésis,464.0,8.81,11,4,7,63.63636363636363,8.620689655172413,-3,15.91,0.13,23.01,5.74,44.79,Q3-Fragilisé,3.0,Désertifié,Non prioritaire
59275,GRUSON,Métropole Européenne de Lille,1207.0,5.84,33,16,17,51.51515151515152,13.256006628003313,-1,12.88,0.12,21.94,3.81,38.75,Q1-Dynamique,0.0,Dynamique,Non prioritaire
59276,GUESNAIN,CA Douaisis Agglo,4635.0,18.82,112,40,72,64.28571428571429,8.629989212513484,-32,16.07,0.31,23.01,12.26,51.66,Q4-Fragile,1.0,Précaire,Priorité B
59277,GUSSIGNIES,CC du Pays de Mormal,353.0,12.92,11,5,6,54.54545454545454,14.1643059490085,-1,13.64,0.12,21.73,8.42,43.91,Q2-Stable,0.0,Dynamique,Non prioritaire
59278,HALLENNES-LEZ-HAUBOURDIN,Métropole Européenne de Lille,4683.0,7.25,148,83,65,43.91891891891892,17.723681400811447,18,10.98,0.0,20.91,4.72,36.62,Q1-Dynamique,0.0,Dynamique,Non prioritaire
59279,HALLUIN,Métropole Européenne de Lille,20715.0,12.85,657,262,395,60.12176560121766,12.647839729664494,-133,15.03,0.94,22.08,8.37,46.43,Q3-Fragilisé,3.0,Désertifié,Non prioritaire
59280,HAMEL,CA Douaisis Agglo,797.0,12.5,19,7,12,63.1578947368421,8.782936010037641,-5,15.79,0.14,22.97,8.14,47.05,Q3-Fragilisé,3.0,Désertifié,Non prioritaire
59281,HANTAY,Métropole Européenne de Lille,1244.0,8.31,28,11,17,60.71428571428571,8.842443729903538,-6,15.18,0.15,22.96,5.41,43.7,Q2-Stable,3.0,Désertifié,Non prioritaire
59282,HARDIFORT,CA Coeur de Flandre,385.0,6.15,8,4,4,50.0,10.38961038961039,0,12.5,0.11,22.6,4.01,39.22,Q1-Dynamique,0.0,Dynamique,Non prioritaire
59283,HARGNIES,CC du Pays de Mormal,599.0,6.45,18,8,10,55.55555555555556,13.35559265442404,-2,13.89,0.12,21.92,4.2,40.14,Q1-Dynamique,0.0,Dynamique,Non prioritaire
59284,HASNON,CA de la Porte du Hainaut,3849.0,8.47,119,53,66,55.46218487394958,13.769810340348142,-13,13.87,0.19,21.82,5.52,41.4,Q2-Stable,0.0,Dynamique,Non prioritaire
59285,HASPRES,CA de la Porte du Hainaut,2626.0,14.03,56,28,28,50.0,10.662604722010665,0,12.5,0.11,22.54,9.14,44.29,Q3-Fragilisé,0.0,Dynamique,Non prioritaire
59286,HAUBOURDIN,Métropole Européenne de Lille,15074.0,12.82,447,187,260,58.16554809843401,12.405466365928088,-73,14.54,0.57,22.14,8.35,45.6,Q3-Fragilisé,0.0,Dynamique,Non prioritaire
59287,HAUCOURT-EN-CAMBRESIS,CA du Caudrésis et du Catésis,193.0,8.08,5,1,4,80.0,5.181347150259067,-3,20.0,0.13,23.81,5.26,49.2,Q4-Fragile,3.0,Désertifié,Priorité B
59288,HAULCHIN,CA de la Porte du Hainaut,2281.0,15.6,45,21,24,53.333333333333336,9.20648838228847,-3,13.33,0.13,22.88,10.16,46.51,Q3-Fragilisé,1.0,Précaire,Non prioritaire
59289,HAUSSY,CC du Pays Solesmois,1451.0,9.75,31,19,12,38.70967741935484,13.094417643004824,7,9.68,0.07,21.98,6.35,38.08,Q1-Dynamique,0.0,Dynamique,Non prioritaire
59290,HAUT-LIEU,CC Coeur de l'Avesnois,361.0,12.86,7,3,4,57.14285714285714,8.310249307479225,-1,14.29,0.12,23.08,8.38,45.87,Q3-Fragilisé,3.0,Désertifié,Non prioritaire
59291,HAUTMONT,CA Maubeuge Val de Sambre,14152.0,28.41,503,203,300,59.64214711729622,14.344262295081968,-97,14.91,0.72,21.69,18.51,55.83,Q4-Fragile,1.0,Précaire,Priorité B
59292,HAVELUY,CA de la Porte du Hainaut,3222.0,20.89,77,24,53,68.83116883116884,7.4487895716946,-29,17.21,0.29,23.28,13.61,54.39,Q4-Fragile,1.0,Précaire,Priorité B
59293,HAVERSKERQUE,CC Flandre Lys,1376.0,8.69,41,24,17,41.46341463414634,17.44186046511628,7,10.37,0.07,20.98,5.66,37.07,Q1-Dynamique,0.0,Dynamique,Non prioritaire
59294,HAYNECOURT,CA de Cambrai,307.0,9.32,13,9,4,30.76923076923077,29.31596091205212,5,7.69,0.08,18.24,6.07,32.09,Q1-Dynamique,0.0,Dynamique,Non prioritaire
59295,HAZEBROUCK,CA Coeur de Flandre,21912.0,12.65,879,412,467,53.12855517633675,18.802482657904346,-55,13.28,0.46,20.66,8.24,42.64,Q2-Stable,0.0,Dynamique,Non prioritaire
59296,HECQ,CC du Pays de Mormal,353.0,11.38,6,1,5,83.33333333333334,2.8328611898017,-4,20.83,0.14,24.35,7.41,52.73,Q4-Fragile,3.0,Désertifié,Priorité B
59297,HELESMES,CA de la Porte du Hainaut,1907.0,9.61,36,15,21,58.333333333333336,7.865757734661773,-6,14.58,0.15,23.19,6.26,44.18,Q2-Stable,3.0,Désertifié,Priorité B
59299,HEM,Métropole Européenne de Lille,18582.0,15.97,537,192,345,64.24581005586593,10.332579916047788,-153,16.06,1.07,22.62,10.41,50.15,Q4-Fragile,1.0,Précaire,Priorité B
59300,HEM-LENGLET,CA de Cambrai,565.0,19.01,9,3,6,66.66666666666666,5.3097345132743365,-3,16.67,0.13,23.78,12.39,52.96,Q4-Fragile,1.0,Précaire,Priorité B
59301,HERGNIES,CA Valenciennes Métropole,4479.0,9.86,102,54,48,47.05882352941176,12.056262558606832,6,11.76,0.07,22.22,6.42,40.48,Q1-Dynamique,0.0,Dynamique,Non prioritaire
59302,HERIN,CA de la Porte du Hainaut,4169.0,15.89,84,40,44,52.38095238095239,9.594627008875031,-4,13.1,0.14,22.79,10.35,46.37,Q3-Fragilisé,1.0,Précaire,Non prioritaire
59303,HERLIES,Métropole Européenne de Lille,2267.0,8.03,63,27,36,57.14285714285714,11.910013233348035,-9,14.29,0.17,22.25,5.23,41.94,Q2-Stable,0.0,Dynamique,Non prioritaire
59304,HERRIN,CC Pévèle-Carembault,425.0,8.25,13,4,9,69.23076923076923,9.411764705882351,-5,17.31,0.14,22.83,5.38,45.66,Q3-Fragilisé,3.0,Désertifié,Non prioritaire
59305,HERZEELE,CC des Hauts de Flandre,1638.0,6.1,45,25,20,44.44444444444444,15.262515262515263,5,11.11,0.08,21.48,3.97,36.65,Q1-Dynamique,0.0,Dynamique,Non prioritaire
59306,HESTRUD,CC Coeur de l'Avesnois,288.0,14.55,4,3,1,25.0,10.416666666666668,2,6.25,0.1,22.6,9.48,38.43,Q1-Dynamique,0.0,Dynamique,Non prioritaire
59307,HOLQUE,CC des Hauts de Flandre,837.0,13.27,24,11,13,54.16666666666666,13.142174432497011,-2,13.54,0.12,21.97,8.65,44.28,Q3-Fragilisé,0.0,Dynamique,Non prioritaire
59308,HONDEGHEM,CA Coeur de Flandre,916.0,7.3,25,14,11,44.0,15.283842794759824,3,11.0,0.09,21.48,4.76,37.33,Q1-Dynamique,0.0,Dynamique,Non prioritaire
59309,HONDSCHOOTE,CC des Hauts de Flandre,3957.0,14.72,104,45,59,56.730769230769226,11.372251705837757,-14,14.18,0.2,22.38,9.59,46.35,Q3-Fragilisé,1.0,Précaire,Non prioritaire
59310,HON-HERGIES,CC du Pays de Mormal,867.0,9.0,17,6,11,64.70588235294117,6.920415224913495,-5,16.18,0.14,23.4,5.86,45.59,Q3-Fragilisé,3.0,Désertifié,Priorité B
59311,HONNECHY,CA du Caudrésis et du Catésis,541.0,21.89,17,9,8,47.05882352941176,16.635859519408502,1,11.76,0.11,21.16,14.26,47.3,Q3-Fragilisé,1.0,Précaire,Non prioritaire
59312,HONNECOURT-SUR-ESCAUT,CA de Cambrai,710.0,16.31,17,9,8,47.05882352941176,12.67605633802817,1,11.76,0.11,22.08,10.63,44.57,Q3-Fragilisé,1.0,Précaire,Non prioritaire
59313,HORDAIN,CA de la Porte du Hainaut,1446.0,10.82,34,18,16,47.05882352941176,12.448132780082988,2,11.76,0.1,22.13,7.05,41.04,Q2-Stable,0.0,Dynamique,Non prioritaire
59314,HORNAING,CA Coeur d'Ostrevent,3496.0,12.51,88,36,52,59.09090909090909,10.297482837528603,-16,14.77,0.21,22.63,8.15,45.76,Q3-Fragilisé,3.0,Désertifié,Non prioritaire
59315,HOUDAIN-LEZ-BAVAY,CC du Pays de Mormal,902.0,9.91,14,7,7,50.0,7.760532150776053,0,12.5,0.11,23.21,6.46,42.28,Q2-Stable,0.0,Dynamique,Priorité B
59316,HOUPLIN-ANCOISNE,Métropole Européenne de Lille,3326.0,9.59,62,27,35,56.451612903225815,8.117859290438966,-8,14.11,0.16,23.13,6.25,43.65,Q2-Stable,3.0,Désertifié,Non prioritaire
59317,HOUPLINES,Métropole Européenne de Lille,7921.0,12.98,221,73,148,66.9683257918552,9.216008079787905,-75,16.74,0.58,22.87,8.46,48.65,Q4-Fragile,3.0,Désertifié,Non prioritaire
59318,HOUTKERQUE,CA Coeur de Flandre,978.0,6.22,17,6,11,64.70588235294117,6.134969325153374,-5,16.18,0.14,23.59,4.05,43.96,Q2-Stable,3.0,Désertifié,Priorité B
59319,HOYMILLE,CC des Hauts de Flandre,3259.0,8.56,59,30,29,49.15254237288136,9.205277692543726,1,12.29,0.11,22.88,5.58,40.85,Q1-Dynamique,0.0,Dynamique,Non prioritaire
59320,ILLIES,Métropole Européenne de Lille,1712.0,6.33,45,26,19,42.22222222222222,15.186915887850468,7,10.56,0.07,21.5,4.12,36.25,Q1-Dynamique,0.0,Dynamique,Non prioritaire
59321,INCHY,CA du Caudrésis et du Catésis,619.0,18.21,27,8,19,70.37037037037037,12.924071082390954,-11,17.59,0.18,22.02,11.86,51.66,Q4-Fragile,1.0,Précaire,Priorité B
59322,IWUY,CA de Cambrai,3403.0,18.61,114,45,69,60.526315789473685,13.223626212165737,-24,15.13,0.26,21.95,12.13,49.47,Q4-Fragile,1.0,Précaire,Non prioritaire
59323,JENLAIN,CC du Pays de Mormal,1115.0,8.14,28,18,10,35.714285714285715,16.143497757847534,8,8.93,0.06,21.28,5.3,35.57,Q1-Dynamique,0.0,Dynamique,Non prioritaire
59324,JEUMONT,CA Maubeuge Val de Sambre,10160.0,28.09,348,149,199,57.18390804597702,14.66535433070866,-50,14.3,0.42,21.62,18.3,54.64,Q4-Fragile,1.0,Précaire,Priorité B
59325,JOLIMETZ,CC du Pays de Mormal,856.0,6.68,16,8,8,50.0,9.345794392523365,0,12.5,0.11,22.84,4.35,39.81,Q1-Dynamique,0.0,Dynamique,Non prioritaire
59326,KILLEM,CC des Hauts de Flandre,1164.0,9.7,24,12,12,50.0,10.309278350515465,0,12.5,0.11,22.62,6.32,41.56,Q2-Stable,0.0,Dynamique,Non prioritaire
59327,LALLAING,CA Douaisis Agglo,6287.0,19.97,152,58,94,61.8421052631579,9.225385716557977,-36,15.46,0.34,22.87,13.01,51.68,Q4-Fragile,1.0,Précaire,Priorité B
59328,LAMBERSART,Métropole Européenne de Lille,27090.0,9.65,783,319,464,59.25925925925925,11.775562938353636,-145,14.81,1.02,22.28,6.29,44.4,Q3-Fragilisé,3.0,Désertifié,Non prioritaire
59329,LAMBRES-LEZ-DOUAI,CA Douaisis Agglo,4883.0,15.79,134,59,75,55.970149253731336,12.08273602293672,-16,13.99,0.21,22.21,10.29,46.71,Q3-Fragilisé,1.0,Précaire,Non prioritaire
59330,LANDAS,CC Pévèle-Carembault,2518.0,6.82,72,24,48,66.66666666666666,9.531374106433676,-24,16.67,0.26,22.8,4.44,44.17,Q2-Stable,3.0,Désertifié,Non prioritaire
59331,LANDRECIES,CC du Pays de Mormal,3407.0,18.81,156,64,92,58.97435897435898,18.784854710889345,-28,14.74,0.29,20.67,12.26,47.95,Q4-Fragile,1.0,Précaire,Non prioritaire
59332,LANNOY,Métropole Européenne de Lille,1812.0,16.96,88,32,56,63.63636363636363,17.660044150110373,-24,15.91,0.26,20.93,11.05,48.15,Q4-Fragile,1.0,Précaire,Non prioritaire
59333,LAROUILLIES,CC Coeur de l'Avesnois,231.0,12.12,5,3,2,40.0,12.987012987012989,1,10.0,0.11,22.01,7.9,40.01,Q1-Dynamique,0.0,Dynamique,Non prioritaire
59334,LAUWIN-PLANQUE,CA Douaisis Agglo,1608.0,12.82,21,10,11,52.38095238095239,6.218905472636815,-1,13.1,0.12,23.57,8.35,45.13,Q3-Fragilisé,3.0,Désertifié,Priorité B
59335,LECELLES,CA de la Porte du Hainaut,3046.0,7.32,65,28,37,56.92307692307692,9.192383453709784,-9,14.23,0.17,22.88,4.77,42.05,Q2-Stable,3.0,Désertifié,Non prioritaire
59336,LECLUSE,CA Douaisis Agglo,1346.0,12.47,29,13,16,55.172413793103445,9.658246656760772,-3,13.79,0.13,22.77,8.12,44.82,Q3-Fragilisé,0.0,Dynamique,Non prioritaire
59337,LEDERZEELE,CC des Hauts de Flandre,703.0,6.35,17,10,7,41.17647058823529,14.224751066856332,3,10.29,0.09,21.72,4.14,36.24,Q1-Dynamique,0.0,Dynamique,Non prioritaire
59338,LEDRINGHEM,CC des Hauts de Flandre,611.0,5.6,5,2,3,60.0,3.2733224222585924,-1,15.0,0.12,24.25,3.65,43.01,Q2-Stable,3.0,Désertifié,Priorité B
59339,LEERS,Métropole Européenne de Lille,9521.0,10.47,350,146,204,58.285714285714285,15.334523684486925,-58,14.57,0.47,21.46,6.82,43.33,Q2-Stable,0.0,Dynamique,Non prioritaire
59340,LEFFRINCKOUCKE,CU de Dunkerque,4078.0,12.48,64,25,39,60.9375,6.1304561059342815,-14,15.23,0.2,23.59,8.13,47.15,Q3-Fragilisé,3.0,Désertifié,Priorité B
59341,LESDAIN,CA de Cambrai,432.0,10.15,12,0,12,100.0,0.0,-12,25.0,0.19,25.0,6.61,56.8,Q4-Fragile,3.0,Désertifié,Priorité A
59342,LEZ-FONTAINE,CC Coeur de l'Avesnois,236.0,10.42,4,0,4,100.0,0.0,-4,25.0,0.14,25.0,6.79,56.93,Q4-Fragile,3.0,Désertifié,Priorité A
59343,LESQUIN,Métropole Européenne de Lille,9600.0,8.57,297,134,163,54.882154882154886,13.958333333333334,-29,13.72,0.29,21.78,5.58,41.38,Q2-Stable,0.0,Dynamique,Non prioritaire
59344,LEVAL,CA Maubeuge Val de Sambre,2474.0,15.79,52,30,22,42.30769230769231,12.126111560226352,8,10.58,0.06,22.2,10.29,43.13,Q2-Stable,0.0,Dynamique,Non prioritaire
59345,LEWARDE,CA Coeur d'Ostrevent,2353.0,20.05,56,17,39,69.64285714285714,7.224819379515512,-22,17.41,0.25,23.33,13.06,54.06,Q4-Fragile,1.0,Précaire,Priorité B
59346,LEZENNES,Métropole Européenne de Lille,2978.0,8.78,146,66,80,54.7945205479452,22.16252518468771,-14,13.7,0.2,19.89,5.72,39.51,Q1-Dynamique,0.0,Dynamique,Non prioritaire
59347,LIESSIES,CC Coeur de l'Avesnois,527.0,11.9,8,3,5,62.5,5.692599620493358,-2,15.62,0.12,23.69,7.75,47.19,Q3-Fragilisé,3.0,Désertifié,Priorité B
59348,LIEU-SAINT-AMAND,CA de la Porte du Hainaut,1462.0,9.76,29,15,14,48.27586206896552,10.259917920656637,1,12.07,0.11,22.63,6.36,41.17,Q2-Stable,0.0,Dynamique,Non prioritaire
59349,LIGNY-EN-CAMBRESIS,CA du Caudrésis et du Catésis,1847.0,11.66,67,34,33,49.25373134328358,18.408229561451,1,12.31,0.11,20.76,7.6,40.77,Q1-Dynamique,0.0,Dynamique,Non prioritaire
59350,LILLE,Métropole Européenne de Lille,238246.0,16.89,15195,5605,9590,63.11286607436657,23.526103271408545,-3985,15.78,25.0,19.57,11.0,71.36,Q4-Fragile,2.0,Métropole,Priorité A
59351,LIMONT-FONTAINE,CA Maubeuge Val de Sambre,525.0,15.04,8,3,5,62.5,5.714285714285714,-2,15.62,0.12,23.68,9.8,49.23,Q4-Fragile,3.0,Désertifié,Priorité B
59352,LINSELLES,Métropole Européenne de Lille,8161.0,6.95,256,102,154,60.15625,12.498468324960175,-52,15.04,0.44,22.12,4.53,42.12,Q2-Stable,3.0,Désertifié,Non prioritaire
59353,LOCQUIGNOL,CC du Pays de Mormal,301.0,9.12,11,5,6,54.54545454545454,16.611295681063122,-1,13.64,0.12,21.17,5.94,40.87,Q1-Dynamique,0.0,Dynamique,Non prioritaire
59354,LOFFRE,CA Coeur d'Ostrevent,712.0,7.7,18,6,12,66.66666666666666,8.426966292134832,-6,16.67,0.15,23.06,5.02,44.89,Q3-Fragilisé,3.0,Désertifié,Non prioritaire
59356,LOMPRET,Métropole Européenne de Lille,2155.0,7.5,49,25,24,48.97959183673469,11.60092807424594,1,12.24,0.11,22.32,4.89,39.56,Q1-Dynamique,0.0,Dynamique,Non prioritaire
59357,LA LONGUEVILLE,CC du Pays de Mormal,2057.0,8.57,62,27,35,56.451612903225815,13.125911521633448,-8,14.11,0.16,21.97,5.58,41.83,Q2-Stable,0.0,Dynamique,Non prioritaire
59358,LOOBERGHE,CC des Hauts de Flandre,1228.0,8.37,32,15,17,53.125,12.21498371335505,-2,13.28,0.12,22.18,5.45,41.04,Q2-Stable,0.0,Dynamique,Non prioritaire
59359,LOON-PLAGE,CU de Dunkerque,5952.0,9.7,156,59,97,62.17948717948718,9.91263440860215,-38,15.54,0.35,22.71,6.32,44.93,Q3-Fragilisé,3.0,Désertifié,Non prioritaire
59360,LOOS,Métropole Européenne de Lille,22567.0,17.67,721,279,442,61.30374479889043,12.36318518190278,-163,15.33,1.13,22.15,11.51,50.12,Q4-Fragile,1.0,Précaire,Priorité B
59361,LOURCHES,CA de la Porte du Hainaut,3734.0,25.48,124,57,67,54.03225806451613,15.265131226566684,-10,13.51,0.17,21.48,16.6,51.76,Q4-Fragile,1.0,Précaire,Priorité B
59363,LOUVIGNIES-QUESNOY,CC du Pays de Mormal,899.0,8.57,31,13,18,58.06451612903226,14.460511679644048,-5,14.52,0.14,21.67,5.58,41.91,Q2-Stable,0.0,Dynamique,Non prioritaire
59364,LOUVIL,CC Pévèle-Carembault,922.0,8.13,21,9,12,57.14285714285714,9.761388286334055,-3,14.29,0.13,22.75,5.3,42.46,Q2-Stable,3.0,Désertifié,Non prioritaire
59365,LOUVROIL,CA Maubeuge Val de Sambre,6294.0,37.29,474,200,274,57.80590717299579,31.77629488401653,-74,14.45,0.57,17.67,24.3,56.99,Q4-Fragile,1.0,Précaire,Priorité B
59366,LYNDE,CA Coeur de Flandre,783.0,5.83,10,6,4,40.0,7.662835249042145,2,10.0,0.1,23.23,3.8,37.13,Q1-Dynamique,0.0,Dynamique,Priorité B
59367,LYS-LEZ-LANNOY,Métropole Européenne de Lille,14050.0,13.21,466,183,283,60.72961373390557,13.024911032028468,-100,15.18,0.74,22.0,8.61,46.52,Q3-Fragilisé,3.0,Désertifié,Non prioritaire
59368,LA MADELEINE,Métropole Européenne de Lille,21790.0,13.04,861,289,572,66.43437862950059,13.262964662689308,-283,16.61,1.88,21.94,8.5,48.93,Q4-Fragile,3.0,Désertifié,Non prioritaire
59369,MAING,CA Valenciennes Métropole,3954.0,9.31,77,26,51,66.23376623376623,6.575619625695498,-25,16.56,0.27,23.48,6.07,46.38,Q3-Fragilisé,3.0,Désertifié,Priorité B
59370,MAIRIEUX,CA Maubeuge Val de Sambre,699.0,7.99,18,8,10,55.55555555555556,11.444921316165953,-2,13.89,0.12,22.36,5.21,41.58,Q2-Stable,0.0,Dynamique,Non prioritaire
59371,LE MAISNIL,Métropole Européenne de Lille,628.0,2.65,14,7,7,50.0,11.146496815286625,0,12.5,0.11,22.43,1.73,36.77,Q1-Dynamique,0.0,Dynamique,Non prioritaire
59372,MALINCOURT,CA du Caudrésis et du Catésis,498.0,12.38,14,8,6,42.85714285714285,16.06425702811245,2,10.71,0.1,21.3,8.07,40.18,Q1-Dynamique,0.0,Dynamique,Non prioritaire
59374,MARBAIX,CC Coeur de l'Avesnois,461.0,13.91,10,8,2,20.0,17.35357917570499,6,5.0,0.07,21.0,9.06,35.14,Q1-Dynamique,0.0,Dynamique,Non prioritaire
59375,MARCHIENNES,CA Coeur d'Ostrevent,4507.0,10.94,113,40,73,64.60176991150442,8.875083203905037,-33,16.15,0.32,22.95,7.13,46.55,Q3-Fragilisé,3.0,Désertifié,Non prioritaire
59377,MARCOING,CA de Cambrai,1841.0,13.75,39,18,21,53.84615384615385,9.77729494839761,-3,13.46,0.13,22.75,8.96,45.3,Q3-Fragilisé,0.0,Dynamique,Non prioritaire
59378,MARCQ-EN-BARŒUL,Métropole Européenne de Lille,40184.0,9.3,1388,516,872,62.8242074927954,12.840931714115072,-356,15.71,2.34,22.04,6.06,46.14,Q3-Fragilisé,3.0,Désertifié,Non prioritaire
59379,MARCQ-EN-OSTREVENT,CA Douaisis Agglo,741.0,11.17,23,14,9,39.130434782608695,18.893387314439945,5,9.78,0.08,20.64,7.28,37.78,Q1-Dynamique,0.0,Dynamique,Non prioritaire
59381,MARESCHES,CC du Pays de Mormal,808.0,10.3,17,9,8,47.05882352941176,11.13861386138614,1,11.76,0.11,22.43,6.71,41.01,Q2-Stable,0.0,Dynamique,Non prioritaire
59382,MARETZ,CA du Caudrésis et du Catésis,1402.0,15.57,53,16,37,69.81132075471697,11.412268188302424,-21,17.45,0.24,22.37,10.14,50.21,Q4-Fragile,3.0,Désertifié,Priorité B
59383,MARLY,CA Valenciennes Métropole,11995.0,20.35,309,112,197,63.75404530744336,9.33722384326803,-85,15.94,0.64,22.85,13.26,52.69,Q4-Fragile,1.0,Précaire,Priorité B
59384,MAROILLES,CC du Pays de Mormal,1454.0,11.74,63,28,35,55.55555555555556,19.257221458046768,-7,13.89,0.16,20.56,7.65,42.25,Q2-Stable,0.0,Dynamique,Non prioritaire
59385,MARPENT,CA Maubeuge Val de Sambre,2653.0,21.82,72,37,35,48.61111111111111,13.94647568790049,2,12.15,0.1,21.78,14.22,48.25,Q4-Fragile,1.0,Précaire,Non prioritaire
59386,MARQUETTE-LEZ-LILLE,Métropole Européenne de Lille,12622.0,8.6,382,178,204,53.403141361256544,14.102360957059105,-26,13.35,0.27,21.75,5.6,40.98,Q1-Dynamique,0.0,Dynamique,Non prioritaire
59387,MARQUETTE-EN-OSTREVANT,CA de la Porte du Hainaut,1943.0,12.53,51,19,32,62.74509803921568,9.778692743180647,-13,15.69,0.19,22.75,8.16,46.79,Q3-Fragilisé,3.0,Désertifié,Non prioritaire
59388,MARQUILLIES,Métropole Européenne de Lille,1961.0,8.14,33,16,17,51.51515151515152,8.15910249872514,-1,12.88,0.12,23.12,5.3,41.42,Q2-Stable,0.0,Dynamique,Non prioritaire
59389,MASNIERES,CA de Cambrai,2689.0,18.48,71,38,33,46.478873239436616,14.131647452584604,5,11.62,0.08,21.74,12.04,45.48,Q3-Fragilisé,1.0,Précaire,Non prioritaire
59390,MASNY,CA Coeur d'Ostrevent,3999.0,20.38,126,49,77,61.11111111111112,12.253063265816454,-28,15.28,0.29,22.17,13.28,51.02,Q4-Fragile,1.0,Précaire,Priorité B
59391,MASTAING,CA de la Porte du Hainaut,911.0,11.96,17,6,11,64.70588235294117,6.586169045005488,-5,16.18,0.14,23.48,7.79,47.59,Q4-Fragile,3.0,Désertifié,Priorité B
59392,MAUBEUGE,CA Maubeuge Val de Sambre,28767.0,29.56,1257,457,800,63.64359586316627,15.886258560155737,-343,15.91,2.25,21.34,19.26,58.76,Q4-Fragile,1.0,Précaire,Priorité B
59393,MAULDE,CA de la Porte du Hainaut,949.0,8.66,21,12,9,42.85714285714285,12.644889357218124,3,10.71,0.09,22.08,5.64,38.53,Q1-Dynamique,0.0,Dynamique,Non prioritaire
59394,MAUROIS,CA du Caudrésis et du Catésis,405.0,24.56,6,1,5,83.33333333333334,2.469135802469136,-4,20.83,0.14,24.43,16.0,61.4,Q4-Fragile,1.0,Précaire,Priorité A
59395,MAZINGHIEN,CA du Caudrésis et du Catésis,279.0,10.02,10,3,7,70.0,10.75268817204301,-4,17.5,0.14,22.52,6.53,46.69,Q3-Fragilisé,3.0,Désertifié,Non prioritaire
59396,MECQUIGNIES,CC du Pays de Mormal,695.0,7.02,22,10,12,54.54545454545454,14.388489208633096,-2,13.64,0.12,21.68,4.57,40.02,Q1-Dynamique,0.0,Dynamique,Non prioritaire
59397,MERCKEGHEM,CC des Hauts de Flandre,615.0,8.52,11,3,8,72.72727272727273,4.878048780487805,-5,18.18,0.14,23.88,5.55,47.75,Q4-Fragile,3.0,Désertifié,Priorité B
59398,MERIGNIES,CC Pévèle-Carembault,3527.0,5.79,91,38,53,58.24175824175825,10.774028919761836,-15,14.56,0.21,22.52,3.77,41.05,Q2-Stable,3.0,Désertifié,Non prioritaire
59399,MERRIS,CA Coeur de Flandre,1106.0,7.22,23,6,17,73.91304347826086,5.424954792043399,-11,18.48,0.18,23.75,4.7,47.11,Q3-Fragilisé,3.0,Désertifié,Priorité B
59400,MERVILLE,CC Flandre Lys,9808.0,14.42,293,123,170,58.02047781569966,12.54078303425775,-47,14.51,0.41,22.11,9.4,46.41,Q3-Fragilisé,1.0,Précaire,Non prioritaire
59401,METEREN,CA Coeur de Flandre,2231.0,5.42,69,37,32,46.3768115942029,16.584491259524878,5,11.59,0.08,21.18,3.53,36.38,Q1-Dynamique,0.0,Dynamique,Non prioritaire
59402,MILLAM,CC des Hauts de Flandre,838.0,6.56,24,13,11,45.83333333333333,15.513126491646778,2,11.46,0.1,21.42,4.27,37.26,Q1-Dynamique,0.0,Dynamique,Non prioritaire
59403,MILLONFOSSE,CA de la Porte du Hainaut,705.0,8.3,16,9,7,43.75,12.765957446808512,2,10.94,0.1,22.06,5.41,38.5,Q1-Dynamique,0.0,Dynamique,Non prioritaire
59405,MOEUVRES,CA de Cambrai,490.0,7.61,10,5,5,50.0,10.20408163265306,0,12.5,0.11,22.65,4.96,40.22,Q1-Dynamique,0.0,Dynamique,Non prioritaire
59406,MONCEAU-SAINT-WAAST,CA Maubeuge Val de Sambre,419.0,9.75,10,4,6,60.0,9.54653937947494,-2,15.0,0.12,22.8,6.35,44.28,Q3-Fragilisé,3.0,Désertifié,Non prioritaire
59407,MONCHAUX-SUR-ECAILLON,CA Valenciennes Métropole,616.0,6.95,8,4,4,50.0,6.493506493506493,0,12.5,0.11,23.5,4.53,40.64,Q1-Dynamique,0.0,Dynamique,Priorité B
59408,MONCHEAUX,CC Pévèle-Carembault,1663.0,5.13,32,12,20,62.5,7.215874924834636,-8,15.62,0.16,23.34,3.34,42.47,Q2-Stable,3.0,Désertifié,Priorité B
59409,MONCHECOURT,CA Coeur d'Ostrevent,2516.0,16.5,52,20,32,61.53846153846154,7.94912559618442,-12,15.38,0.19,23.17,10.75,49.49,Q4-Fragile,1.0,Précaire,Priorité B
59410,MONS-EN-BARŒUL,Métropole Européenne de Lille,21105.0,16.53,712,278,434,60.95505617977528,13.172234067756456,-156,15.24,1.09,21.96,10.77,49.06,Q4-Fragile,1.0,Précaire,Non prioritaire
59411,MONS-EN-PEVELE,CC Pévèle-Carembault,2075.0,7.66,64,28,36,56.25,13.493975903614457,-8,14.06,0.16,21.89,4.99,41.1,Q2-Stable,0.0,Dynamique,Non prioritaire
59412,MONTAY,CA du Caudrésis et du Catésis,276.0,17.1,10,6,4,40.0,21.73913043478261,2,10.0,0.1,19.99,11.14,41.23,Q2-Stable,0.0,Dynamique,Non prioritaire
59413,MONTIGNY-EN-CAMBRESIS,CA du Caudrésis et du Catésis,552.0,13.89,14,9,5,35.714285714285715,16.304347826086953,4,8.93,0.09,21.24,9.05,39.31,Q1-Dynamique,0.0,Dynamique,Non prioritaire
59414,MONTIGNY-EN-OSTREVENT,CA Coeur d'Ostrevent,4495.0,14.73,130,55,75,57.692307692307686,12.235817575083423,-20,14.42,0.24,22.18,9.6,46.44,Q3-Fragilisé,1.0,Précaire,Non prioritaire
59415,MONTRECOURT,CC du Pays Solesmois,228.0,9.26,3,1,2,66.66666666666666,4.385964912280701,-1,16.67,0.12,23.99,6.03,46.81,Q3-Fragilisé,3.0,Désertifié,Priorité B
59416,MORBECQUE,CA Coeur de Flandre,2573.0,11.23,56,22,34,60.71428571428571,8.550330353672756,-12,15.18,0.19,23.03,7.32,45.71,Q3-Fragilisé,3.0,Désertifié,Non prioritaire
59418,MORTAGNE-DU-NORD,CA de la Porte du Hainaut,1599.0,18.16,48,18,30,62.5,11.25703564727955,-12,15.62,0.19,22.4,11.83,50.05,Q4-Fragile,1.0,Précaire,Priorité B
59419,MOUCHIN,CC Pévèle-Carembault,1491.0,4.82,31,7,24,77.41935483870968,4.694835680751173,-17,19.35,0.22,23.92,3.14,46.63,Q3-Fragilisé,3.0,Désertifié,Priorité B
59420,MOUSTIER-EN-FAGNE,CC du Sud Avesnois,61.0,13.04,1,1,0,0.0,16.39344262295082,1,0.0,0.11,21.22,8.5,29.82,Q1-Dynamique,0.0,Dynamique,Non prioritaire
59421,MOUVAUX,Métropole Européenne de Lille,13369.0,9.81,433,166,267,61.662817551963045,12.41678509985788,-101,15.42,0.74,22.14,6.39,44.69,Q3-Fragilisé,3.0,Désertifié,Non prioritaire
59422,NAVES,CA de Cambrai,620.0,10.15,19,9,10,52.63157894736842,14.516129032258064,-1,13.16,0.12,21.65,6.61,41.54,Q2-Stable,0.0,Dynamique,Non prioritaire
59423,NEUF-BERQUIN,CA Coeur de Flandre,1417.0,10.29,27,15,12,44.44444444444444,10.585744530698658,3,11.11,0.09,22.56,6.7,40.47,Q1-Dynamique,0.0,Dynamique,Non prioritaire
59424,NEUF-MESNIL,CA Maubeuge Val de Sambre,1286.0,22.69,45,20,25,55.55555555555556,15.552099533437014,-5,13.89,0.14,21.41,14.78,50.23,Q4-Fragile,1.0,Précaire,Priorité B
59425,NEUVILLE-EN-AVESNOIS,CC du Pays de Mormal,298.0,8.68,9,5,4,44.44444444444444,16.778523489932887,1,11.11,0.11,21.13,5.66,38.0,Q1-Dynamique,0.0,Dynamique,Non prioritaire
59426,NEUVILLE-EN-FERRAIN,Métropole Européenne de Lille,10002.0,8.15,369,187,182,49.32249322493225,18.696260747850427,5,12.33,0.08,20.69,5.31,38.41,Q1-Dynamique,0.0,Dynamique,Non prioritaire
59427,LA NEUVILLE,CC Pévèle-Carembault,593.0,6.8,14,5,9,64.28571428571429,8.431703204047217,-4,16.07,0.14,23.06,4.43,43.7,Q2-Stable,3.0,Désertifié,Non prioritaire
59428,NEUVILLE-SAINT-REMY,CA de Cambrai,4012.0,19.68,97,36,61,62.88659793814433,8.973080757726821,-25,15.72,0.27,22.93,12.82,51.74,Q4-Fragile,1.0,Précaire,Priorité B
59429,NEUVILLE-SUR-ESCAUT,CA de la Porte du Hainaut,2901.0,16.33,46,18,28,60.86956521739131,6.204756980351603,-10,15.22,0.17,23.57,10.64,49.6,Q4-Fragile,3.0,Désertifié,Priorité B
59430,NEUVILLY,CA du Caudrésis et du Catésis,1103.0,14.39,25,13,12,48.0,11.786038077969176,1,12.0,0.11,22.28,9.38,43.76,Q2-Stable,0.0,Dynamique,Non prioritaire
59431,NIEPPE,CA Coeur de Flandre,7764.0,9.26,276,122,154,55.79710144927537,15.713549716640909,-32,13.95,0.31,21.38,6.03,41.67,Q2-Stable,0.0,Dynamique,Non prioritaire
59432,NIERGNIES,CA de Cambrai,509.0,5.27,13,7,6,46.15384615384615,13.7524557956778,1,11.54,0.11,21.83,3.43,36.91,Q1-Dynamique,0.0,Dynamique,Non prioritaire
59433,NIEURLET,CC des Hauts de Flandre,908.0,9.02,19,9,10,52.63157894736842,9.911894273127754,-1,13.16,0.12,22.71,5.88,41.87,Q2-Stable,0.0,Dynamique,Non prioritaire
59434,NIVELLE,CA de la Porte du Hainaut,1406.0,8.95,28,14,14,50.0,9.957325746799432,0,12.5,0.11,22.7,5.83,41.15,Q2-Stable,0.0,Dynamique,Non prioritaire
59435,NOMAIN,CC Pévèle-Carembault,2651.0,7.82,48,15,33,68.75,5.658242172764995,-18,17.19,0.22,23.7,5.1,46.2,Q3-Fragilisé,3.0,Désertifié,Priorité B
59436,NOORDPEENE,CA Coeur de Flandre,825.0,6.15,19,7,12,63.1578947368421,8.484848484848484,-5,15.79,0.14,23.04,4.01,42.98,Q2-Stable,3.0,Désertifié,Non prioritaire
59437,NOYELLES-LES-SECLIN,Métropole Européenne de Lille,838.0,5.8,18,5,13,72.22222222222221,5.966587112171838,-8,18.06,0.16,23.62,3.78,45.62,Q3-Fragilisé,3.0,Désertifié,Priorité B
59438,NOYELLES-SUR-ESCAUT,CA de Cambrai,816.0,8.28,19,7,12,63.1578947368421,8.57843137254902,-5,15.79,0.14,23.02,5.39,44.35,Q3-Fragilisé,3.0,Désertifié,Non prioritaire
59439,NOYELLES-SUR-SAMBRE,CA Maubeuge Val de Sambre,283.0,12.07,3,0,3,100.0,0.0,-3,25.0,0.13,25.0,7.86,58.0,Q4-Fragile,3.0,Désertifié,Priorité A
59440,NOYELLES-SUR-SELLE,CA de la Porte du Hainaut,657.0,10.72,15,5,10,66.66666666666666,7.610350076103501,-5,16.67,0.14,23.25,6.98,47.04,Q3-Fragilisé,3.0,Désertifié,Priorité B
59441,OBIES,CC du Pays de Mormal,660.0,8.7,7,3,4,57.14285714285714,4.545454545454545,-1,14.29,0.12,23.95,5.67,44.02,Q2-Stable,3.0,Désertifié,Priorité B
59442,OBRECHIES,CA Maubeuge Val de Sambre,283.0,5.85,6,3,3,50.0,10.60070671378092,0,12.5,0.11,22.56,3.81,38.98,Q1-Dynamique,0.0,Dynamique,Non prioritaire
59443,OCHTEZEELE,CA Coeur de Flandre,351.0,3.5,5,3,2,40.0,8.547008547008547,1,10.0,0.11,23.03,2.28,35.42,Q1-Dynamique,0.0,Dynamique,Non prioritaire
59444,ODOMEZ,CA Valenciennes Métropole,945.0,13.83,20,11,9,45.0,11.64021164021164,2,11.25,0.1,22.32,9.01,42.68,Q2-Stable,0.0,Dynamique,Non prioritaire
59445,OHAIN,CC du Sud Avesnois,1171.0,15.19,41,18,23,56.09756097560976,15.371477369769428,-5,14.02,0.14,21.46,9.9,45.52,Q3-Fragilisé,1.0,Précaire,Non prioritaire
59446,OISY,CA de la Porte du Hainaut,699.0,6.96,13,8,5,38.46153846153847,11.444921316165953,3,9.62,0.09,22.36,4.53,36.6,Q1-Dynamique,0.0,Dynamique,Non prioritaire
59447,ONNAING,CA Valenciennes Métropole,8479.0,21.22,228,98,130,57.01754385964912,11.55796674136101,-32,14.25,0.31,22.33,13.83,50.73,Q4-Fragile,1.0,Précaire,Priorité B
59448,OOST-CAPPEL,CC des Hauts de Flandre,463.0,13.48,8,3,5,62.5,6.479481641468682,-2,15.62,0.12,23.51,8.78,48.04,Q4-Fragile,3.0,Désertifié,Priorité B
59449,ORCHIES,CC Pévèle-Carembault,8396.0,12.99,389,162,227,58.354755784061695,19.294902334444973,-65,14.59,0.52,20.55,8.46,44.12,Q2-Stable,0.0,Dynamique,Non prioritaire
59450,ORS,CA du Caudrésis et du Catésis,644.0,15.8,24,9,15,62.5,13.975155279503106,-6,15.62,0.15,21.78,10.29,47.85,Q4-Fragile,1.0,Précaire,Non prioritaire
59451,ORSINVAL,CC du Pays de Mormal,564.0,5.4,19,9,10,52.63157894736842,15.95744680851064,-1,13.16,0.12,21.32,3.52,38.12,Q1-Dynamique,0.0,Dynamique,Non prioritaire
59452,OSTRICOURT,CC Pévèle-Carembault,6097.0,16.01,150,69,81,54.0,11.317041167787435,-12,13.5,0.19,22.39,10.43,46.51,Q3-Fragilisé,1.0,Précaire,Non prioritaire
59453,OUDEZEELE,CA Coeur de Flandre,690.0,7.58,17,5,12,70.58823529411765,7.246376811594203,-7,17.65,0.16,23.33,4.94,46.07,Q3-Fragilisé,3.0,Désertifié,Priorité B
59454,OXELAERE,CA Coeur de Flandre,540.0,5.46,5,2,3,60.0,3.7037037037037033,-1,15.0,0.12,24.15,3.56,42.82,Q2-Stable,3.0,Désertifié,Priorité B
59455,PAILLENCOURT,CA de Cambrai,1030.0,10.24,29,14,15,51.72413793103448,13.592233009708735,-1,12.93,0.12,21.87,6.67,41.59,Q2-Stable,0.0,Dynamique,Non prioritaire
59456,PECQUENCOURT,CA Coeur d'Ostrevent,6092.0,24.73,168,60,108,64.28571428571429,9.848982271831913,-48,16.07,0.41,22.73,16.11,55.33,Q4-Fragile,1.0,Précaire,Priorité B
59457,PERENCHIES,Métropole Européenne de Lille,8455.0,8.39,223,79,144,64.57399103139014,9.343583678296866,-65,16.14,0.52,22.85,5.47,44.97,Q3-Fragilisé,3.0,Désertifié,Non prioritaire
59458,PERONNE-EN-MELANTOIS,Métropole Européenne de Lille,1025.0,8.95,23,11,12,52.17391304347826,10.731707317073171,-1,13.04,0.12,22.53,5.83,41.52,Q2-Stable,0.0,Dynamique,Non prioritaire
59459,PETITE-FORET,CA Valenciennes Métropole,5054.0,13.65,266,129,137,51.50375939849624,25.524337158686187,-8,12.88,0.16,19.11,8.89,41.05,Q2-Stable,0.0,Dynamique,Non prioritaire
59461,PETIT-FAYT,CC Coeur de l'Avesnois,286.0,8.98,7,1,6,85.71428571428571,3.4965034965034967,-5,21.43,0.14,24.19,5.85,51.62,Q4-Fragile,3.0,Désertifié,Priorité B
59462,PHALEMPIN,CC Pévèle-Carembault,4847.0,6.27,114,44,70,61.40350877192983,9.07778007014648,-26,15.35,0.27,22.91,4.09,42.62,Q2-Stable,3.0,Désertifié,Non prioritaire
59463,PITGAM,CC des Hauts de Flandre,1007.0,11.47,32,11,21,65.625,10.92353525322741,-10,16.41,0.17,22.48,7.47,46.54,Q3-Fragilisé,3.0,Désertifié,Non prioritaire
59464,POIX-DU-NORD,CC du Pays de Mormal,2126.0,11.04,76,38,38,50.0,17.873941674506117,0,12.5,0.11,20.88,7.19,40.68,Q1-Dynamique,0.0,Dynamique,Non prioritaire
59465,POMMEREUIL,CA du Caudrésis et du Catésis,765.0,15.34,18,8,10,55.55555555555556,10.45751633986928,-2,13.89,0.12,22.59,9.99,46.6,Q3-Fragilisé,1.0,Précaire,Non prioritaire
59466,PONT-A-MARCQ,CC Pévèle-Carembault,3016.0,6.6,101,39,62,61.38613861386138,12.93103448275862,-23,15.35,0.26,22.02,4.3,41.92,Q2-Stable,3.0,Désertifié,Non prioritaire
59467,PONT-SUR-SAMBRE,CA Maubeuge Val de Sambre,2371.0,13.07,66,26,40,60.60606060606061,10.965837199493883,-14,15.15,0.2,22.47,8.52,46.34,Q3-Fragilisé,3.0,Désertifié,Non prioritaire
59468,POTELLE,CC du Pays de Mormal,439.0,5.77,3,2,1,33.33333333333333,4.555808656036446,1,8.33,0.11,23.95,3.76,36.15,Q1-Dynamique,0.0,Dynamique,Priorité B
59469,PRADELLES,CA Coeur de Flandre,399.0,6.07,7,2,5,71.42857142857143,5.012531328320802,-3,17.86,0.13,23.84,3.95,45.79,Q3-Fragilisé,3.0,Désertifié,Priorité B
59470,PREMESQUES,Métropole Européenne de Lille,2031.0,4.65,67,25,42,62.68656716417911,12.309207287050713,-17,15.67,0.22,22.16,3.03,41.08,Q2-Stable,3.0,Désertifié,Non prioritaire
59471,PRESEAU,CA Valenciennes Métropole,2100.0,6.86,51,25,26,50.98039215686274,11.904761904761903,-1,12.75,0.12,22.25,4.47,39.59,Q1-Dynamique,0.0,Dynamique,Non prioritaire
59472,PREUX-AU-BOIS,CC du Pays de Mormal,832.0,10.49,14,8,6,42.85714285714285,9.615384615384617,2,10.71,0.1,22.78,6.83,40.43,Q1-Dynamique,0.0,Dynamique,Non prioritaire
59473,PREUX-AU-SART,CC du Pays de Mormal,300.0,7.27,1,1,0,0.0,3.333333333333333,1,0.0,0.11,24.23,4.74,29.07,Q1-Dynamique,0.0,Dynamique,Priorité B
59474,PRISCHES,CC Coeur de l'Avesnois,1000.0,12.88,33,22,11,33.33333333333333,22.0,11,8.33,0.04,19.93,8.39,36.7,Q1-Dynamique,0.0,Dynamique,Non prioritaire
59475,PROUVY,CA Valenciennes Métropole,2178.0,17.9,96,38,58,60.41666666666666,17.447199265381084,-20,15.1,0.24,20.98,11.66,47.98,Q4-Fragile,1.0,Précaire,Non prioritaire
59476,PROVILLE,CA de Cambrai,3206.0,10.89,168,77,91,54.16666666666666,24.017467248908297,-14,13.54,0.2,19.46,7.1,40.3,Q1-Dynamique,0.0,Dynamique,Non prioritaire
59477,PROVIN,Métropole Européenne de Lille,4428.0,11.5,91,42,49,53.84615384615385,9.48509485094851,-7,13.46,0.16,22.81,7.49,43.92,Q2-Stable,0.0,Dynamique,Non prioritaire
59478,QUAEDYPRE,CC des Hauts de Flandre,1108.0,8.0,54,36,18,33.33333333333333,32.49097472924188,18,8.33,0.0,17.51,5.21,31.05,Q1-Dynamique,0.0,Dynamique,Non prioritaire
59479,QUAROUBLE,CA Valenciennes Métropole,3145.0,12.37,76,40,36,47.368421052631575,12.718600953895072,4,11.84,0.09,22.07,8.06,42.06,Q2-Stable,0.0,Dynamique,Non prioritaire
59480,QUERENAING,CA Valenciennes Métropole,865.0,5.98,13,4,9,69.23076923076923,4.624277456647399,-5,17.31,0.14,23.93,3.9,45.28,Q3-Fragilisé,3.0,Désertifié,Priorité B
59481,LE QUESNOY,CC du Pays de Mormal,4878.0,21.2,231,101,130,56.27705627705628,20.70520705207052,-29,14.07,0.29,20.23,13.81,48.4,Q4-Fragile,1.0,Précaire,Non prioritaire
59482,QUESNOY-SUR-DEULE,Métropole Européenne de Lille,6805.0,7.18,170,74,96,56.47058823529412,10.874357090374724,-22,14.12,0.25,22.49,4.68,41.54,Q2-Stable,0.0,Dynamique,Non prioritaire
59483,QUIEVELON,CA Maubeuge Val de Sambre,135.0,13.11,3,1,2,66.66666666666666,7.4074074074074066,-1,16.67,0.12,23.29,8.54,48.62,Q4-Fragile,3.0,Désertifié,Priorité B
59484,QUIEVRECHAIN,CA Valenciennes Métropole,5949.0,22.27,175,75,100,57.14285714285714,12.607160867372668,-25,14.29,0.27,22.09,14.51,51.16,Q4-Fragile,1.0,Précaire,Priorité B
59485,QUIEVY,CA du Caudrésis et du Catésis,1803.0,12.57,53,30,23,43.39622641509434,16.638935108153078,7,10.85,0.07,21.16,8.19,40.27,Q1-Dynamique,0.0,Dynamique,Non prioritaire
59486,RACHES,CA Douaisis Agglo,2672.0,12.11,78,28,50,64.1025641025641,10.479041916167663,-22,16.03,0.25,22.58,7.89,46.75,Q3-Fragilisé,3.0,Désertifié,Non prioritaire
59487,RADINGHEM-EN-WEPPES,Métropole Européenne de Lille,1410.0,5.58,27,12,15,55.55555555555556,8.51063829787234,-3,13.89,0.13,23.04,3.64,40.69,Q1-Dynamique,3.0,Désertifié,Non prioritaire
59488,RAILLENCOURT-SAINTE-OLLE,CA de Cambrai,2127.0,16.12,63,24,39,61.90476190476191,11.283497884344149,-15,15.48,0.21,22.4,10.5,48.58,Q4-Fragile,1.0,Précaire,Non prioritaire
59489,RAIMBEAUCOURT,CA Douaisis Agglo,4000.0,12.9,100,39,61,61.0,9.75,-22,15.25,0.25,22.75,8.41,46.66,Q3-Fragilisé,3.0,Désertifié,Non prioritaire
59490,RAINSARS,CC Coeur de l'Avesnois,197.0,8.24,4,3,1,25.0,15.228426395939085,2,6.25,0.1,21.49,5.37,33.21,Q1-Dynamique,0.0,Dynamique,Non prioritaire
59491,RAISMES,CA de la Porte du Hainaut,12199.0,25.0,353,167,186,52.69121813031161,13.689646692351833,-19,13.17,0.23,21.84,16.29,51.54,Q4-Fragile,1.0,Précaire,Priorité B
59492,RAMILLIES,CA de Cambrai,579.0,11.03,8,1,7,87.5,1.727115716753023,-6,21.88,0.15,24.6,7.19,53.81,Q4-Fragile,3.0,Désertifié,Priorité B
59493,RAMOUSIES,CC Coeur de l'Avesnois,220.0,14.29,6,2,4,66.66666666666666,9.090909090909092,-2,16.67,0.12,22.9,9.31,49.01,Q4-Fragile,3.0,Désertifié,Non prioritaire
59494,RAUCOURT-AU-BOIS,CC du Pays de Mormal,150.0,10.53,2,0,2,100.0,0.0,-2,25.0,0.12,25.0,6.86,56.99,Q4-Fragile,3.0,Désertifié,Priorité A
59495,RECQUIGNIES,CA Maubeuge Val de Sambre,2338.0,16.63,52,25,27,51.92307692307693,10.6928999144568,-2,12.98,0.12,22.53,10.84,46.48,Q3-Fragilisé,1.0,Précaire,Non prioritaire
59496,REJET-DE-BEAULIEU,CA du Caudrésis et du Catésis,241.0,12.9,6,3,3,50.0,12.448132780082988,0,12.5,0.11,22.13,8.41,43.15,Q2-Stable,0.0,Dynamique,Non prioritaire
59497,RENESCURE,CA Coeur de Flandre,2113.0,8.78,61,33,28,45.90163934426229,15.617605300520587,5,11.48,0.08,21.4,5.72,38.68,Q1-Dynamique,0.0,Dynamique,Non prioritaire
59498,REUMONT,CA du Caudrésis et du Catésis,337.0,13.63,15,6,9,60.0,17.80415430267062,-3,15.0,0.13,20.89,8.88,44.91,Q3-Fragilisé,0.0,Dynamique,Non prioritaire
59499,REXPOEDE,CC des Hauts de Flandre,1976.0,7.34,46,16,30,65.21739130434783,8.097165991902834,-14,16.3,0.2,23.13,4.78,44.42,Q3-Fragilisé,3.0,Désertifié,Non prioritaire
59500,RIBECOURT-LA-TOUR,CA de Cambrai,380.0,8.36,11,5,6,54.54545454545454,13.157894736842104,-1,13.64,0.12,21.97,5.45,41.17,Q2-Stable,0.0,Dynamique,Non prioritaire
59501,RIEULAY,CA Coeur d'Ostrevent,1261.0,16.12,30,17,13,43.333333333333336,13.481363996827916,4,10.83,0.09,21.89,10.5,43.32,Q2-Stable,0.0,Dynamique,Non prioritaire
59502,RIEUX-EN-CAMBRESIS,CA de Cambrai,1425.0,19.93,39,22,17,43.58974358974359,15.43859649122807,5,10.9,0.08,21.44,12.99,45.4,Q3-Fragilisé,1.0,Précaire,Non prioritaire
59503,ROBERSART,CC du Pays de Mormal,201.0,7.07,3,1,2,66.66666666666666,4.975124378109452,-1,16.67,0.12,23.85,4.61,45.24,Q3-Fragilisé,3.0,Désertifié,Priorité B
59504,RŒULX,CA de la Porte du Hainaut,3743.0,20.2,74,24,50,67.56756756756756,6.411969008816458,-26,16.89,0.27,23.52,13.16,53.85,Q4-Fragile,1.0,Précaire,Priorité B
59505,ROMBIES-ET-MARCHIPONT,CA Valenciennes Métropole,741.0,7.48,13,8,5,38.46153846153847,10.796221322537113,3,9.62,0.09,22.51,4.87,37.09,Q1-Dynamique,0.0,Dynamique,Non prioritaire
59506,ROMERIES,CC du Pays Solesmois,471.0,12.25,9,3,6,66.66666666666666,6.369426751592357,-3,16.67,0.13,23.53,7.98,48.31,Q4-Fragile,3.0,Désertifié,Priorité B
59507,RONCHIN,Métropole Européenne de Lille,19787.0,13.32,560,249,311,55.53571428571429,12.584019810987012,-62,13.88,0.5,22.1,8.68,45.16,Q3-Fragilisé,0.0,Dynamique,Non prioritaire
59508,RONCQ,Métropole Européenne de Lille,14075.0,8.22,556,239,317,57.01438848920864,16.980461811722915,-78,14.25,0.6,21.08,5.36,41.29,Q2-Stable,0.0,Dynamique,Non prioritaire
59509,ROOST-WARENDIN,CA Douaisis Agglo,5956.0,14.79,148,64,84,56.75675675675676,10.745466756212222,-20,14.19,0.24,22.52,9.64,46.59,Q3-Fragilisé,1.0,Précaire,Non prioritaire
59511,ROSULT,CA de la Porte du Hainaut,2022.0,6.79,50,23,27,54.0,11.374876360039568,-4,13.5,0.14,22.38,4.42,40.44,Q1-Dynamique,0.0,Dynamique,Non prioritaire
59512,ROUBAIX,Métropole Européenne de Lille,98286.0,27.93,5914,1967,3947,66.73993912749408,20.01302321795576,-1980,16.68,12.48,20.39,18.2,67.75,Q4-Fragile,2.0,Métropole,Priorité A
59513,ROUCOURT,CA Douaisis Agglo,456.0,9.36,5,4,1,20.0,8.771929824561402,3,5.0,0.09,22.98,6.1,34.17,Q1-Dynamique,0.0,Dynamique,Non prioritaire
59514,ROUSIES,CA Maubeuge Val de Sambre,3980.0,16.86,125,59,66,52.8,14.824120603015077,-7,13.2,0.16,21.58,10.99,45.92,Q3-Fragilisé,1.0,Précaire,Non prioritaire
59515,ROUVIGNIES,CA Valenciennes Métropole,655.0,16.62,22,10,12,54.54545454545454,15.267175572519085,-2,13.64,0.12,21.48,10.83,46.07,Q3-Fragilisé,1.0,Précaire,Non prioritaire
59516,RUBROUCK,CA Coeur de Flandre,899.0,5.51,19,12,7,36.84210526315789,13.348164627363737,5,9.21,0.08,21.92,3.59,34.8,Q1-Dynamique,0.0,Dynamique,Non prioritaire
59517,LES RUES-DES-VIGNES,CA de Cambrai,737.0,11.7,13,7,6,46.15384615384615,9.49796472184532,1,11.54,0.11,22.81,7.62,42.08,Q2-Stable,0.0,Dynamique,Non prioritaire
59518,RUESNES,CC du Pays de Mormal,448.0,7.13,8,4,4,50.0,8.928571428571429,0,12.5,0.11,22.94,4.65,40.2,Q1-Dynamique,0.0,Dynamique,Non prioritaire
59519,RUMEGIES,CA de la Porte du Hainaut,1722.0,6.12,56,21,35,62.5,12.195121951219512,-14,15.62,0.2,22.19,3.99,42.0,Q2-Stable,3.0,Désertifié,Non prioritaire
59520,RUMILLY-EN-CAMBRESIS,CA de Cambrai,1431.0,12.7,29,9,20,68.96551724137932,6.289308176100628,-11,17.24,0.18,23.55,8.27,49.25,Q4-Fragile,3.0,Désertifié,Priorité B
59521,SAILLY-LEZ-CAMBRAI,CA de Cambrai,409.0,11.96,7,5,2,28.57142857142857,12.224938875305623,3,7.14,0.09,22.18,7.79,37.21,Q1-Dynamique,0.0,Dynamique,Non prioritaire
59522,SAILLY-LEZ-LANNOY,Métropole Européenne de Lille,1923.0,5.77,41,18,23,56.09756097560976,9.3603744149766,-5,14.02,0.14,22.84,3.76,40.77,Q1-Dynamique,3.0,Désertifié,Non prioritaire
59523,SAINGHIN-EN-MELANTOIS,Métropole Européenne de Lille,2840.0,5.96,90,28,62,68.88888888888889,9.859154929577466,-34,17.22,0.32,22.73,3.88,44.16,Q2-Stable,3.0,Désertifié,Non prioritaire
59524,SAINGHIN-EN-WEPPES,Métropole Européenne de Lille,5638.0,8.46,128,42,86,67.1875,7.449450159631075,-44,16.8,0.39,23.28,5.51,45.98,Q3-Fragilisé,3.0,Désertifié,Priorité B
59525,SAINS-DU-NORD,CC Coeur de l'Avesnois,2755.0,26.61,83,30,53,63.85542168674698,10.88929219600726,-23,15.96,0.26,22.49,17.34,56.05,Q4-Fragile,1.0,Précaire,Priorité B
59526,SAINT-AMAND-LES-EAUX,CA de la Porte du Hainaut,15974.0,14.52,641,271,370,57.72230889235569,16.96506823588331,-99,14.43,0.73,21.09,9.46,45.71,Q3-Fragilisé,1.0,Précaire,Non prioritaire
59527,SAINT-ANDRE-LEZ-LILLE,Métropole Européenne de Lille,13233.0,10.26,436,168,268,61.46788990825688,12.695533892541372,-100,15.37,0.74,22.07,6.68,44.86,Q3-Fragilisé,3.0,Désertifié,Non prioritaire
59528,SAINT-AUBERT,CA du Caudrésis et du Catésis,1570.0,15.0,47,23,24,51.06382978723404,14.64968152866242,-1,12.77,0.12,21.62,9.77,44.28,Q3-Fragilisé,0.0,Dynamique,Non prioritaire
59529,SAINT-AUBIN,CC Coeur de l'Avesnois,328.0,7.84,3,1,2,66.66666666666666,3.048780487804878,-1,16.67,0.12,24.3,5.11,46.19,Q3-Fragilisé,3.0,Désertifié,Priorité B
59530,SAINT-AYBERT,CA Valenciennes Métropole,328.0,8.89,6,2,4,66.66666666666666,6.097560975609756,-2,16.67,0.12,23.59,5.79,46.18,Q3-Fragilisé,3.0,Désertifié,Priorité B
59531,SAINT-BENIN,CA du Caudrésis et du Catésis,343.0,15.76,6,1,5,83.33333333333334,2.915451895043732,-4,20.83,0.14,24.33,10.27,55.57,Q4-Fragile,3.0,Désertifié,Priorité B
59532,SAINT GEORGES SUR L'AA,CU de Dunkerque,287.0,9.14,5,2,3,60.0,6.968641114982579,-1,15.0,0.12,23.39,5.96,44.47,Q3-Fragilisé,3.0,Désertifié,Priorité B
59533,SAINT-HILAIRE-LEZ-CAMBRAI,CA du Caudrésis et du Catésis,1558.0,14.18,49,14,35,71.42857142857143,8.985879332477534,-21,17.86,0.24,22.93,9.24,50.27,Q4-Fragile,3.0,Désertifié,Priorité B
59534,SAINT-HILAIRE-SUR-HELPE,CC Coeur de l'Avesnois,733.0,10.94,18,9,9,50.0,12.278308321964529,0,12.5,0.11,22.17,7.13,41.91,Q2-Stable,0.0,Dynamique,Non prioritaire
59535,SAINT-JANS-CAPPEL,CA Coeur de Flandre,1598.0,5.79,55,21,34,61.81818181818181,13.141426783479348,-13,15.45,0.19,21.97,3.77,41.39,Q2-Stable,3.0,Désertifié,Non prioritaire
59536,SAINTE-MARIE-CAPPEL,CA Coeur de Flandre,825.0,4.36,26,11,15,57.692307692307686,13.333333333333334,-4,14.42,0.14,21.93,2.84,39.33,Q1-Dynamique,0.0,Dynamique,Non prioritaire
59537,SAINT-MARTIN-SUR-ECAILLON,CC du Pays Solesmois,483.0,11.0,7,3,4,57.14285714285714,6.211180124223603,-1,14.29,0.12,23.57,7.17,45.14,Q3-Fragilisé,3.0,Désertifié,Priorité B
59538,SAINT-MOMELIN,CC des Hauts de Flandre,410.0,21.67,7,2,5,71.42857142857143,4.878048780487805,-3,17.86,0.13,23.88,14.12,55.98,Q4-Fragile,1.0,Précaire,Priorité B
59539,SAINT-PIERRE-BROUCK,CC des Hauts de Flandre,989.0,7.95,27,14,13,48.14814814814815,14.155712841253791,1,12.04,0.11,21.74,5.18,39.06,Q1-Dynamique,0.0,Dynamique,Non prioritaire
59541,SAINT-PYTHON,CC du Pays Solesmois,978.0,14.32,26,12,14,53.84615384615385,12.269938650306749,-2,13.46,0.12,22.17,9.33,45.09,Q3-Fragilisé,0.0,Dynamique,Non prioritaire
59542,SAINT-REMY-CHAUSSEE,CA Maubeuge Val de Sambre,469.0,7.59,9,5,4,44.44444444444444,10.660980810234545,1,11.11,0.11,22.54,4.95,38.7,Q1-Dynamique,0.0,Dynamique,Non prioritaire
59543,SAINT-REMY-DU-NORD,CA Maubeuge Val de Sambre,1054.0,10.15,24,10,14,58.333333333333336,9.487666034155597,-4,14.58,0.14,22.81,6.61,44.15,Q2-Stable,3.0,Désertifié,Non prioritaire
59544,SAINT-SAULVE,CA Valenciennes Métropole,10947.0,14.21,285,112,173,60.70175438596491,10.231113547090528,-61,15.18,0.49,22.64,9.26,47.57,Q3-Fragilisé,3.0,Désertifié,Non prioritaire
59545,SAINT-SOUPLET,CA du Caudrésis et du Catésis,1191.0,19.89,42,17,25,59.523809523809526,14.273719563392106,-8,14.88,0.16,21.71,12.96,49.71,Q4-Fragile,1.0,Précaire,Non prioritaire
59546,SAINT-SYLVESTRE-CAPPEL,CA Coeur de Flandre,1144.0,8.08,31,15,16,51.61290322580645,13.111888111888112,-1,12.9,0.12,21.98,5.26,40.26,Q1-Dynamique,0.0,Dynamique,Non prioritaire
59547,SAINT-VAAST-EN-CAMBRESIS,CA du Caudrésis et du Catésis,871.0,16.49,15,5,10,66.66666666666666,5.740528128587831,-5,16.67,0.14,23.68,10.74,51.23,Q4-Fragile,3.0,Désertifié,Priorité B
59548,SAINT-WAAST,CC du Pays de Mormal,686.0,7.87,10,9,1,10.0,13.119533527696792,8,2.5,0.06,21.97,5.13,29.66,Q1-Dynamique,0.0,Dynamique,Non prioritaire
59549,SALESCHES,CC du Pays de Mormal,327.0,12.43,7,5,2,28.57142857142857,15.29051987767584,3,7.14,0.09,21.47,8.1,36.81,Q1-Dynamique,0.0,Dynamique,Non prioritaire
59550,SALOME,Métropole Européenne de Lille,3182.0,9.09,83,26,57,68.67469879518072,8.170961659333752,-31,17.17,0.31,23.12,5.92,46.51,Q3-Fragilisé,3.0,Désertifié,Non prioritaire
59551,SAMEON,CC Pévèle-Carembault,1704.0,6.74,35,9,26,74.28571428571429,5.281690140845071,-17,18.57,0.22,23.78,4.39,46.96,Q3-Fragilisé,3.0,Désertifié,Priorité B
59552,SANCOURT,CA de Cambrai,190.0,11.11,4,2,2,50.0,10.526315789473683,0,12.5,0.11,22.57,7.24,42.42,Q2-Stable,0.0,Dynamique,Non prioritaire
59553,SANTES,Métropole Européenne de Lille,5652.0,5.99,139,63,76,54.67625899280576,11.146496815286625,-13,13.67,0.19,22.43,3.9,40.2,Q1-Dynamique,0.0,Dynamique,Non prioritaire
59554,SARS-ET-ROSIERES,CA de la Porte du Hainaut,620.0,6.42,24,12,12,50.0,19.35483870967742,0,12.5,0.11,20.54,4.18,37.33,Q1-Dynamique,0.0,Dynamique,Non prioritaire
59555,SARS-POTERIES,CC Coeur de l'Avesnois,1402.0,20.6,50,24,26,52.0,17.118402282453637,-2,13.0,0.12,21.05,13.42,47.6,Q4-Fragile,1.0,Précaire,Non prioritaire
59556,SASSEGNIES,CA Maubeuge Val de Sambre,260.0,13.51,9,1,8,88.88888888888889,3.846153846153846,-7,22.22,0.16,24.11,8.8,55.29,Q4-Fragile,3.0,Désertifié,Priorité B
59557,SAULTAIN,CA Valenciennes Métropole,2499.0,8.97,52,21,31,59.61538461538461,8.403361344537815,-10,14.9,0.17,23.06,5.84,43.99,Q2-Stable,3.0,Désertifié,Non prioritaire
59558,SAULZOIR,CC du Pays Solesmois,1672.0,12.74,36,15,21,58.333333333333336,8.971291866028709,-6,14.58,0.15,22.93,8.3,45.97,Q3-Fragilisé,3.0,Désertifié,Non prioritaire
59559,SEBOURG,CA Valenciennes Métropole,1967.0,5.82,58,20,38,65.51724137931035,10.167768174885612,-18,16.38,0.22,22.66,3.79,43.05,Q2-Stable,3.0,Désertifié,Non prioritaire
59560,SECLIN,Métropole Européenne de Lille,13261.0,13.47,673,296,377,56.01783060921248,22.321091923686,-81,14.0,0.62,19.85,8.78,43.25,Q2-Stable,0.0,Dynamique,Non prioritaire
59562,SEMERIES,CC Coeur de l'Avesnois,520.0,9.25,17,7,10,58.82352941176471,13.461538461538462,-3,14.71,0.13,21.9,6.03,42.76,Q2-Stable,0.0,Dynamique,Non prioritaire
59563,SEMOUSIES,CC Coeur de l'Avesnois,227.0,7.69,5,3,2,40.0,13.215859030837004,1,10.0,0.11,21.95,5.01,37.07,Q1-Dynamique,0.0,Dynamique,Non prioritaire
59564,LA SENTINELLE,CA de la Porte du Hainaut,3103.0,20.8,200,91,109,54.50000000000001,29.326458266194003,-18,13.63,0.22,18.24,13.55,45.64,Q3-Fragilisé,1.0,Précaire,Non prioritaire
59565,SEPMERIES,CC du Pays de Mormal,640.0,9.97,11,9,2,18.181818181818183,14.0625,7,4.55,0.07,21.76,6.5,32.87,Q1-Dynamique,0.0,Dynamique,Non prioritaire
59566,SEQUEDIN,Métropole Européenne de Lille,4675.0,8.28,119,62,57,47.89915966386555,13.262032085561495,5,11.97,0.08,21.94,5.39,39.39,Q1-Dynamique,0.0,Dynamique,Non prioritaire
59567,SERANVILLERS-FORENVILLE,CA de Cambrai,416.0,13.16,14,6,8,57.14285714285714,14.423076923076923,-2,14.29,0.12,21.67,8.57,44.66,Q3-Fragilisé,0.0,Dynamique,Non prioritaire
59568,SERCUS,CA Coeur de Flandre,486.0,3.42,8,1,7,87.5,2.05761316872428,-6,21.88,0.15,24.53,2.23,48.78,Q4-Fragile,3.0,Désertifié,Priorité B
59569,SIN-LE-NOBLE,CA Douaisis Agglo,16076.0,20.84,631,243,388,61.48969889064976,15.115700422990791,-145,15.37,1.02,21.51,13.58,51.48,Q4-Fragile,1.0,Précaire,Priorité B
59570,SOCX,CC des Hauts de Flandre,869.0,6.14,49,23,26,53.06122448979592,26.46720368239356,-3,13.27,0.13,18.9,4.0,36.29,Q1-Dynamique,0.0,Dynamique,Non prioritaire
59571,SOLESMES,CC du Pays Solesmois,4142.0,23.41,166,71,95,57.22891566265061,17.141477547078704,-24,14.31,0.26,21.05,15.25,50.87,Q4-Fragile,1.0,Précaire,Priorité B
59572,SOLRE-LE-CHATEAU,CC Coeur de l'Avesnois,1796.0,20.03,49,21,28,57.14285714285714,11.692650334075724,-7,14.29,0.16,22.3,13.05,49.8,Q4-Fragile,1.0,Précaire,Non prioritaire
59573,SOLRINNES,CC Coeur de l'Avesnois,142.0,4.29,9,4,5,55.55555555555556,28.169014084507044,-1,13.89,0.12,18.5,2.8,35.31,Q1-Dynamique,0.0,Dynamique,Non prioritaire
59574,SOMAIN,CA Coeur d'Ostrevent,11766.0,20.75,423,164,259,61.22931442080378,13.938466768655449,-95,15.31,0.71,21.79,13.52,51.32,Q4-Fragile,1.0,Précaire,Priorité B
59575,SOMMAING,CC du Pays Solesmois,397.0,7.38,8,4,4,50.0,10.075566750629722,0,12.5,0.11,22.68,4.81,40.1,Q1-Dynamique,0.0,Dynamique,Non prioritaire
59576,SPYCKER,CU de Dunkerque,1718.0,6.55,34,18,16,47.05882352941176,10.477299185098952,2,11.76,0.1,22.58,4.27,38.72,Q1-Dynamique,0.0,Dynamique,Non prioritaire
59577,STAPLE,CA Coeur de Flandre,756.0,5.71,26,14,12,46.15384615384615,18.51851851851852,2,11.54,0.1,20.73,3.72,36.09,Q1-Dynamique,0.0,Dynamique,Non prioritaire
59578,STEENBECQUE,CA Coeur de Flandre,1602.0,8.6,34,15,19,55.88235294117647,9.363295880149812,-4,13.97,0.14,22.84,5.6,42.55,Q2-Stable,3.0,Désertifié,Non prioritaire
59579,STEENE,CC des Hauts de Flandre,1405.0,8.83,20,8,12,60.0,5.693950177935943,-4,15.0,0.14,23.69,5.75,44.58,Q3-Fragilisé,3.0,Désertifié,Priorité B
59580,STEENVOORDE,CA Coeur de Flandre,4332.0,8.22,125,59,66,52.8,13.619575253924284,-7,13.2,0.16,21.86,5.36,40.57,Q1-Dynamique,0.0,Dynamique,Non prioritaire
59581,STEENWERCK,CA Coeur de Flandre,3450.0,6.06,89,36,53,59.55056179775281,10.434782608695652,-17,14.89,0.22,22.59,3.95,41.65,Q2-Stable,3.0,Désertifié,Non prioritaire
59582,STRAZEELE,CA Coeur de Flandre,942.0,7.98,20,7,13,65.0,7.43099787685775,-6,16.25,0.15,23.29,5.2,44.89,Q3-Fragilisé,3.0,Désertifié,Priorité B
59583,TAISNIERES-EN-THIERACHE,CC Coeur de l'Avesnois,475.0,11.78,16,3,13,81.25,6.315789473684211,-10,20.31,0.17,23.54,7.68,51.71,Q4-Fragile,3.0,Désertifié,Priorité B
59584,TAISNIERES-SUR-HON,CC du Pays de Mormal,963.0,6.85,13,5,8,61.53846153846154,5.192107995846314,-3,15.38,0.13,23.8,4.46,43.78,Q2-Stable,3.0,Désertifié,Priorité B
59585,TEMPLEMARS,Métropole Européenne de Lille,3669.0,9.51,130,57,73,56.15384615384615,15.53556827473426,-16,14.04,0.21,21.42,6.2,41.86,Q2-Stable,0.0,Dynamique,Non prioritaire
59586,TEMPLEUVE-EN-PEVELE,CC Pévèle-Carembault,7202.0,7.03,165,74,91,55.15151515151515,10.274923632324354,-17,13.79,0.22,22.63,4.58,41.22,Q2-Stable,0.0,Dynamique,Non prioritaire
59587,TERDEGHEM,CA Coeur de Flandre,519.0,3.89,17,6,11,64.70588235294117,11.560693641618498,-5,16.18,0.14,22.33,2.53,41.19,Q2-Stable,3.0,Désertifié,Non prioritaire
59588,TETEGHEM-COUDEKERQUE-VILLAGE,CU de Dunkerque,8247.0,10.97,186,74,112,60.215053763440864,8.97295986419304,-38,15.05,0.35,22.93,7.15,45.48,Q3-Fragilisé,3.0,Désertifié,Non prioritaire
59589,THIANT,CA de la Porte du Hainaut,2914.0,13.87,73,34,39,53.42465753424658,11.667810569663692,-5,13.36,0.14,22.31,9.04,44.85,Q3-Fragilisé,0.0,Dynamique,Non prioritaire
59590,THIENNES,CA Coeur de Flandre,920.0,10.43,21,10,11,52.38095238095239,10.869565217391305,-1,13.1,0.12,22.49,6.8,42.5,Q2-Stable,0.0,Dynamique,Non prioritaire
59591,THIVENCELLE,CA Valenciennes Métropole,817.0,20.63,16,5,11,68.75,6.119951040391677,-6,17.19,0.15,23.59,13.44,54.37,Q4-Fragile,1.0,Précaire,Priorité B
59592,THUMERIES,CC Pévèle-Carembault,4170.0,8.29,90,39,51,56.66666666666666,9.352517985611511,-12,14.17,0.19,22.84,5.4,42.6,Q2-Stable,3.0,Désertifié,Non prioritaire
59593,THUN-L'EVEQUE,CA de Cambrai,788.0,7.69,16,8,8,50.0,10.152284263959393,0,12.5,0.11,22.66,5.01,40.28,Q1-Dynamique,0.0,Dynamique,Non prioritaire
59594,THUN-SAINT-AMAND,CA de la Porte du Hainaut,1106.0,9.46,21,10,11,52.38095238095239,9.041591320072332,-1,13.1,0.12,22.92,6.16,42.29,Q2-Stable,0.0,Dynamique,Non prioritaire
59595,THUN-SAINT-MARTIN,CA de Cambrai,543.0,10.16,9,5,4,44.44444444444444,9.208103130755063,1,11.11,0.11,22.88,6.62,40.71,Q1-Dynamique,0.0,Dynamique,Non prioritaire
59596,TILLOY-LEZ-MARCHIENNES,CA Coeur d'Ostrevent,536.0,5.31,8,3,5,62.5,5.597014925373134,-2,15.62,0.12,23.71,3.46,42.92,Q2-Stable,3.0,Désertifié,Priorité B
59597,TILLOY-LEZ-CAMBRAI,CA de Cambrai,695.0,11.94,30,13,17,56.66666666666666,18.705035971223023,-4,14.17,0.14,20.69,7.78,42.77,Q2-Stable,0.0,Dynamique,Non prioritaire
59598,TOUFFLERS,Métropole Européenne de Lille,3957.0,7.71,83,36,47,56.62650602409639,9.097801364670206,-11,14.16,0.18,22.9,5.02,42.26,Q2-Stable,3.0,Désertifié,Non prioritaire
59599,TOURCOING,Métropole Européenne de Lille,98772.0,19.82,3995,1518,2477,62.00250312891114,15.368727979589355,-959,15.5,6.1,21.46,12.91,55.97,Q4-Fragile,1.0,Précaire,Priorité B
59600,TOURMIGNIES,CC Pévèle-Carembault,936.0,7.32,35,15,20,57.14285714285714,16.025641025641026,-5,14.29,0.14,21.3,4.77,40.5,Q1-Dynamique,0.0,Dynamique,Non prioritaire
59601,TRELON,CC du Sud Avesnois,2604.0,21.69,83,36,47,56.62650602409639,13.824884792626728,-11,14.16,0.18,21.81,14.13,50.28,Q4-Fragile,1.0,Précaire,Priorité B
59602,TRESSIN,Métropole Européenne de Lille,1386.0,8.0,32,12,20,62.5,8.658008658008658,-8,15.62,0.16,23.0,5.21,44.0,Q2-Stable,3.0,Désertifié,Non prioritaire
59603,TRITH-SAINT-LEGER,CA de la Porte du Hainaut,6019.0,16.09,156,68,88,56.41025641025641,11.297557733842831,-20,14.1,0.24,22.39,10.48,47.22,Q3-Fragilisé,1.0,Précaire,Non prioritaire
59604,TROISVILLES,CA du Caudrésis et du Catésis,805.0,14.87,12,5,7,58.333333333333336,6.211180124223602,-2,14.58,0.12,23.57,9.69,47.96,Q4-Fragile,3.0,Désertifié,Priorité B
59605,UXEM,CC des Hauts de Flandre,1518.0,5.42,29,5,24,82.75862068965517,3.2938076416337285,-19,20.69,0.23,24.24,3.53,48.69,Q4-Fragile,3.0,Désertifié,Priorité B
59606,VALENCIENNES,CA Valenciennes Métropole,43468.0,20.05,2626,985,1641,62.49047981721249,22.660347842090733,-656,15.62,4.21,19.77,13.06,52.67,Q4-Fragile,1.0,Précaire,Priorité B
59607,VENDEGIES-AU-BOIS,CC du Pays de Mormal,482.0,7.28,14,7,7,50.0,14.522821576763484,0,12.5,0.11,21.65,4.74,39.01,Q1-Dynamique,0.0,Dynamique,Non prioritaire
59608,VENDEGIES-SUR-ECAILLON,CC du Pays Solesmois,1123.0,9.52,30,11,19,63.33333333333333,9.79519145146928,-8,15.83,0.16,22.74,6.2,44.94,Q3-Fragilisé,3.0,Désertifié,Non prioritaire
59609,VENDEVILLE,Métropole Européenne de Lille,1654.0,7.74,48,14,34,70.83333333333334,8.464328899637243,-20,17.71,0.24,23.05,5.04,46.04,Q3-Fragilisé,3.0,Désertifié,Non prioritaire
59610,VERCHAIN-MAUGRE,CA Valenciennes Métropole,1103.0,11.66,19,7,12,63.1578947368421,6.346328195829556,-5,15.79,0.14,23.54,7.6,47.07,Q3-Fragilisé,3.0,Désertifié,Priorité B
59611,VERLINGHEM,Métropole Européenne de Lille,2682.0,7.12,55,23,32,58.18181818181818,8.575689783743476,-9,14.55,0.17,23.02,4.64,42.38,Q2-Stable,3.0,Désertifié,Non prioritaire
59612,VERTAIN,CC du Pays Solesmois,535.0,15.11,6,4,2,33.33333333333333,7.4766355140186915,2,8.33,0.1,23.28,9.84,41.55,Q2-Stable,0.0,Dynamique,Priorité B
59613,VICQ,CA Valenciennes Métropole,1464.0,13.28,44,20,24,54.54545454545454,13.66120218579235,-4,13.64,0.14,21.85,8.65,44.28,Q2-Stable,0.0,Dynamique,Non prioritaire
59614,VIESLY,CC du Pays Solesmois,1364.0,21.75,43,18,25,58.13953488372093,13.19648093841642,-7,14.53,0.16,21.96,14.17,50.82,Q4-Fragile,1.0,Précaire,Priorité B
59615,VIEUX-BERQUIN,CA Coeur de Flandre,2628.0,7.06,66,35,31,46.96969696969697,13.318112633181126,4,11.74,0.09,21.93,4.6,38.36,Q1-Dynamique,0.0,Dynamique,Non prioritaire
59616,VIEUX-CONDE,CA Valenciennes Métropole,10617.0,22.18,222,99,123,55.4054054054054,9.324667985306585,-24,13.85,0.26,22.85,14.45,51.41,Q4-Fragile,1.0,Précaire,Priorité B
59617,VIEUX-MESNIL,CA Maubeuge Val de Sambre,641.0,11.87,10,6,4,40.0,9.3603744149766,2,10.0,0.1,22.84,7.73,40.68,Q1-Dynamique,0.0,Dynamique,Non prioritaire
59618,VIEUX-RENG,CA Maubeuge Val de Sambre,938.0,11.09,18,9,9,50.0,9.594882729211088,0,12.5,0.11,22.79,7.23,42.63,Q2-Stable,0.0,Dynamique,Non prioritaire
59619,VILLEREAU,CC du Pays de Mormal,1084.0,8.84,28,15,13,46.42857142857143,13.837638376383763,2,11.61,0.1,21.81,5.76,39.28,Q1-Dynamique,0.0,Dynamique,Non prioritaire
59620,VILLERS-AU-TERTRE,CA Douaisis Agglo,670.0,7.89,16,6,10,62.5,8.955223880597014,-4,15.62,0.14,22.93,5.14,43.84,Q2-Stable,3.0,Désertifié,Non prioritaire
59622,VILLERS-EN-CAUCHIES,CA de Cambrai,1151.0,13.97,17,6,11,64.70588235294117,5.2128583840139004,-5,16.18,0.14,23.8,9.1,49.22,Q4-Fragile,3.0,Désertifié,Priorité B
59623,VILLERS-GUISLAIN,CA de Cambrai,684.0,15.8,17,8,9,52.94117647058824,11.695906432748536,-1,13.24,0.12,22.3,10.29,45.95,Q3-Fragilisé,1.0,Précaire,Non prioritaire
59624,VILLERS-OUTREAUX,CA du Caudrésis et du Catésis,2117.0,23.54,84,35,49,58.333333333333336,16.532829475673122,-14,14.58,0.2,21.19,15.34,51.31,Q4-Fragile,1.0,Précaire,Priorité B
59625,VILLERS-PLOUICH,CA de Cambrai,390.0,8.12,9,3,6,66.66666666666666,7.692307692307692,-3,16.67,0.13,23.23,5.29,45.31,Q3-Fragilisé,3.0,Désertifié,Priorité B
59626,VILLERS-POL,CC du Pays de Mormal,1197.0,6.22,26,10,16,61.53846153846154,8.35421888053467,-6,15.38,0.15,23.07,4.05,42.66,Q2-Stable,3.0,Désertifié,Non prioritaire
59627,VILLERS-SIRE-NICOLE,CA Maubeuge Val de Sambre,1009.0,9.26,24,16,8,33.33333333333333,15.857284440039646,8,8.33,0.06,21.34,6.03,35.77,Q1-Dynamique,0.0,Dynamique,Non prioritaire
59628,VOLCKERINCKHOVE,CC des Hauts de Flandre,573.0,10.03,10,4,6,60.0,6.980802792321118,-2,15.0,0.12,23.39,6.54,45.05,Q3-Fragilisé,3.0,Désertifié,Priorité B
59629,VRED,CA Coeur d'Ostrevent,1302.0,10.28,30,17,13,43.333333333333336,13.056835637480798,4,10.83,0.09,21.99,6.7,39.61,Q1-Dynamique,0.0,Dynamique,Non prioritaire
59630,WAHAGNIES,CC Pévèle-Carembault,2613.0,10.07,67,29,38,56.71641791044776,11.098354381936472,-9,14.18,0.17,22.44,6.56,43.35,Q2-Stable,0.0,Dynamique,Non prioritaire
59631,WALINCOURT-SELVIGNY,CA du Caudrésis et du Catésis,2081.0,18.86,85,39,46,54.11764705882353,18.740989908697745,-7,13.53,0.16,20.68,12.29,46.65,Q3-Fragilisé,1.0,Précaire,Non prioritaire
59632,WALLERS,CA de la Porte du Hainaut,5633.0,17.69,144,71,73,50.69444444444444,12.604296112195987,-2,12.67,0.12,22.09,11.53,46.42,Q3-Fragilisé,1.0,Précaire,Non prioritaire
59633,WALLERS-EN-FAGNE,CC du Sud Avesnois,284.0,10.39,6,2,4,66.66666666666666,7.042253521126761,-2,16.67,0.12,23.38,6.77,46.94,Q3-Fragilisé,3.0,Désertifié,Priorité B
59634,WALLON-CAPPEL,CA Coeur de Flandre,808.0,4.88,21,7,14,66.66666666666666,8.663366336633663,-7,16.67,0.16,23.0,3.18,43.0,Q2-Stable,3.0,Désertifié,Non prioritaire
59635,WAMBAIX,CA de Cambrai,381.0,9.59,11,6,5,45.45454545454545,15.748031496062993,1,11.36,0.11,21.37,6.25,39.09,Q1-Dynamique,0.0,Dynamique,Non prioritaire
59636,WAMBRECHIES,Métropole Européenne de Lille,11012.0,7.72,382,147,235,61.518324607329845,13.349073737740646,-88,15.38,0.66,21.92,5.03,42.99,Q2-Stable,3.0,Désertifié,Non prioritaire
59637,WANDIGNIES-HAMAGE,CA Coeur d'Ostrevent,1301.0,6.86,27,8,19,70.37037037037037,6.149116064565719,-11,17.59,0.18,23.58,4.47,45.83,Q3-Fragilisé,3.0,Désertifié,Priorité B
59638,WANNEHAIN,CC Pévèle-Carembault,1338.0,6.94,25,13,12,48.0,9.715994020926756,1,12.0,0.11,22.76,4.52,39.39,Q1-Dynamique,0.0,Dynamique,Non prioritaire
59639,WARGNIES-LE-GRAND,CC du Pays de Mormal,1125.0,8.8,20,9,11,55.00000000000001,8.0,-2,13.75,0.12,23.16,5.73,42.76,Q2-Stable,3.0,Désertifié,Non prioritaire
59640,WARGNIES-LE-PETIT,CC du Pays de Mormal,771.0,7.37,17,6,11,64.70588235294117,7.782101167315175,-5,16.18,0.14,23.21,4.8,44.33,Q3-Fragilisé,3.0,Désertifié,Priorité B
59641,WARHEM,CC des Hauts de Flandre,2020.0,6.47,45,11,34,75.55555555555556,5.445544554455446,-23,18.89,0.26,23.74,4.22,47.1,Q3-Fragilisé,3.0,Désertifié,Priorité B
59642,WARLAING,CA Coeur d'Ostrevent,603.0,5.11,14,4,10,71.42857142857143,6.633499170812604,-6,17.86,0.15,23.47,3.33,44.81,Q3-Fragilisé,3.0,Désertifié,Priorité B
59643,WARNETON,Métropole Européenne de Lille,231.0,4.59,12,6,6,50.0,25.97402597402597,0,12.5,0.11,19.01,2.99,34.61,Q1-Dynamique,0.0,Dynamique,Non prioritaire
59645,WASNES-AU-BAC,CA de la Porte du Hainaut,604.0,13.83,14,5,9,64.28571428571429,8.27814569536424,-4,16.07,0.14,23.09,9.01,48.31,Q4-Fragile,3.0,Désertifié,Non prioritaire
59646,WASQUEHAL,Métropole Européenne de Lille,20726.0,10.29,725,309,416,57.37931034482758,14.908810190099391,-107,14.34,0.78,21.56,6.7,43.39,Q2-Stable,0.0,Dynamique,Non prioritaire
59647,WATTEN,CC des Hauts de Flandre,2564.0,14.55,91,34,57,62.63736263736264,13.260530421216847,-23,15.66,0.26,21.94,9.48,47.34,Q3-Fragilisé,1.0,Précaire,Non prioritaire
59648,WATTIGNIES,Métropole Européenne de Lille,15525.0,14.79,476,190,286,60.08403361344538,12.238325281803542,-96,15.02,0.71,22.18,9.64,47.55,Q3-Fragilisé,1.0,Précaire,Non prioritaire
59649,WATTIGNIES-LA-VICTOIRE,CC Coeur de l'Avesnois,240.0,7.08,8,3,5,62.5,12.5,-2,15.62,0.12,22.12,4.61,42.48,Q2-Stable,3.0,Désertifié,Non prioritaire
59650,WATTRELOS,Métropole Européenne de Lille,40847.0,17.1,1217,480,737,60.558751027115854,11.75116899649913,-257,15.14,1.72,22.29,11.14,50.29,Q4-Fragile,1.0,Précaire,Priorité B
59651,WAVRECHAIN-SOUS-DENAIN,CA de la Porte du Hainaut,1599.0,24.94,47,24,23,48.93617021276596,15.0093808630394,1,12.23,0.11,21.54,16.25,50.13,Q4-Fragile,1.0,Précaire,Priorité B
59652,WAVRECHAIN-SOUS-FAULX,CA de la Porte du Hainaut,440.0,13.16,5,3,2,40.0,6.818181818181818,1,10.0,0.11,23.43,8.57,42.11,Q2-Stable,0.0,Dynamique,Priorité B
59653,WAVRIN,Métropole Européenne de Lille,7758.0,11.03,192,90,102,53.125,11.60092807424594,-12,13.28,0.19,22.32,7.19,42.98,Q2-Stable,0.0,Dynamique,Non prioritaire
59654,WAZIERS,CA Douaisis Agglo,7266.0,26.87,304,146,158,51.97368421052632,20.09358656757501,-12,12.99,0.19,20.37,17.51,51.05,Q4-Fragile,1.0,Précaire,Priorité B
59655,WEMAERS-CAPPEL,CA Coeur de Flandre,225.0,5.83,6,2,4,66.66666666666666,8.88888888888889,-2,16.67,0.12,22.95,3.8,43.54,Q2-Stable,3.0,Désertifié,Non prioritaire
59656,WERVICQ-SUD,Métropole Européenne de Lille,5426.0,12.41,161,66,95,59.00621118012423,12.163656468853668,-29,14.75,0.29,22.2,8.09,45.33,Q3-Fragilisé,3.0,Désertifié,Non prioritaire
59657,WEST-CAPPEL,CC des Hauts de Flandre,644.0,5.87,16,9,7,43.75,13.975155279503106,2,10.94,0.1,21.78,3.82,36.64,Q1-Dynamique,0.0,Dynamique,Non prioritaire
59658,WICRES,Métropole Européenne de Lille,581.0,7.63,12,8,4,33.33333333333333,13.769363166953529,4,8.33,0.09,21.82,4.97,35.22,Q1-Dynamique,0.0,Dynamique,Non prioritaire
59659,WIGNEHIES,CC du Sud Avesnois,2804.0,21.24,92,34,58,63.04347826086957,12.125534950071328,-24,15.76,0.26,22.2,13.84,52.07,Q4-Fragile,1.0,Précaire,Priorité B
59660,WILLEMS,Métropole Européenne de Lille,2941.0,8.66,70,29,41,58.57142857142858,9.86059163549813,-12,14.64,0.19,22.73,5.64,43.2,Q2-Stable,3.0,Désertifié,Non prioritaire
59661,WILLIES,CC du Sud Avesnois,128.0,15.38,1,0,1,100.0,0.0,-1,25.0,0.12,25.0,10.02,60.14,Q4-Fragile,3.0,Désertifié,Priorité A
59662,WINNEZEELE,CA Coeur de Flandre,1261.0,6.75,20,11,9,45.0,8.72323552735924,2,11.25,0.1,22.99,4.4,38.74,Q1-Dynamique,0.0,Dynamique,Non prioritaire
59663,WORMHOUT,CC des Hauts de Flandre,5584.0,10.23,193,80,113,58.549222797927456,14.326647564469916,-33,14.64,0.32,21.7,6.67,43.32,Q2-Stable,0.0,Dynamique,Non prioritaire
59664,WULVERDINGHE,CC des Hauts de Flandre,334.0,6.3,6,1,5,83.33333333333334,2.994011976047904,-4,20.83,0.14,24.31,4.1,49.39,Q4-Fragile,3.0,Désertifié,Priorité B
59665,WYLDER,CC des Hauts de Flandre,298.0,10.56,5,2,3,60.0,6.711409395973154,-1,15.0,0.12,23.45,6.88,45.45,Q3-Fragilisé,3.0,Désertifié,Priorité B
59666,ZEGERSCAPPEL,CC des Hauts de Flandre,1562.0,10.35,46,20,26,56.52173913043478,12.804097311139564,-6,14.13,0.15,22.05,6.74,43.07,Q2-Stable,0.0,Dynamique,Non prioritaire
59667,ZERMEZEELE,CA Coeur de Flandre,252.0,7.58,3,2,1,33.33333333333333,7.936507936507937,1,8.33,0.11,23.17,4.94,36.55,Q1-Dynamique,0.0,Dynamique,Priorité B
59668,ZUYDCOOTE,CU de Dunkerque,1630.0,9.85,28,15,13,46.42857142857143,9.202453987730062,2,11.61,0.1,22.88,6.42,41.0,Q2-Stable,0.0,Dynamique,Non prioritaire
59669,ZUYTPEENE,CA Coeur de Flandre,557.0,7.59,12,5,7,58.333333333333336,8.97666068222621,-2,14.58,0.12,22.93,4.95,42.58,Q2-Stable,3.0,Désertifié,Non prioritaire
59670,DON,Métropole Européenne de Lille,1387.0,7.22,31,15,16,51.61290322580645,10.814708002883922,-1,12.9,0.12,22.51,4.7,40.23,Q1-Dynamique,0.0,Dynamique,Non prioritaire
